 , , ,Sn,Sp,precision,acc,f1_score,auc,fpr, , , ,Sn,Sp,precision,acc,f1_score,auc,fpr
original,forget,1,1.0,0.9999346191565871,0.9999363948607048,0.9999677523379555,0.9999681903489519,1.0,6.538084341288299e-05,unlearning,forget,1,0.0003181673560292714,0.9998692383131742,0.2571428571428572,0.49332473395678805,0.0006351467865270182,0.821193993990496,0.00013076168682576598
 
original,remain,2,0.9991292517006802,0.9980555555555556,0.9977196532849327,0.9985490931832396,0.9984231700696947,0.9999925623582766,0.0019444444444444153,unlearning,remain,2,0.974530612244898,0.9976851851851851,0.997242353245028,0.9870419011882426,0.9854505457274721,0.9994837074829932,0.0023148148148148064
original,remain,3,0.9997104806022005,0.9939898989898991,0.9943668065430248,0.996915408153193,0.9970124213791499,0.9999863282506595,0.006010101010100984,unlearning,remain,3,0.9995657209033005,0.9755050505050505,0.9772610541535712,0.9878096930214193,0.9882530802345029,0.999801774256754,0.024494949494949497
original,remain,5,0.9856344086021505,0.9982539682539683,0.9980726340003898,0.9921981424148607,0.9916389408007262,0.9998867383512545,0.0017460317460317397,unlearning,remain,5,0.9719569892473118,0.9976190476190476,0.9973220893542807,0.9853044375644995,0.9838700917311675,0.9996867383512547,0.0023809523809523725
original,remain,6,0.984848484848485,0.8622812372812373,0.8710858716135331,0.9198759439050702,0.9223557690587272,0.9923387455347683,0.1377187627187627,unlearning,remain,6,0.9650482093663911,0.8618233618233618,0.8701404236155136,0.9103290183387271,0.9122138141227057,0.9876878172332718,0.13817663817663817
original,remain,8,0.9977728285077951,0.9995555555555555,0.9995530703939097,0.9986651835372635,0.9986610865123813,0.9999750061865875,0.0004444444444444251,unlearning,remain,8,0.9846325167037863,0.9993333333333334,0.9993178992572117,0.9919911012235817,0.9919015489064332,0.9998881464983915,0.0006666666666666377
original,remain,9,0.9956637914869679,0.9916690675117641,0.9919144587289499,0.99369040277053,0.9937820839346561,0.9997558525562558,0.008330932488235882,unlearning,remain,9,0.9935308456778549,0.9864352251992702,0.986970327418366,0.9900256179135634,0.9902111942145106,0.9993949829837571,0.013564774800729845
original,remain,10,0.9908801389693109,0.9951709401709401,0.9945268831327262,0.9931556522527423,0.9926944268107252,0.9997328379334748,0.004829059829059827,unlearning,remain,10,0.9656436981277746,0.9968376068376069,0.9962009783405885,0.9821865651346208,0.9804822995022172,0.998997211210587,0.0031623931623931587
original,remain,13,0.989247311827957,0.9903968253968253,0.9916955497617354,0.9897928436911488,0.9902910657033214,0.999942003754907,0.009603174603174613,unlearning,remain,13,0.9817921146953404,0.965,0.9710547289332637,0.9738229755178907,0.9757203602255945,0.9985480116060761,0.034999999999999996
original,remain,14,0.9804503835684236,0.9877777777777778,0.9931702001774756,0.9830710538865045,0.986324650920062,0.9980552668481399,0.012222222222222226,unlearning,remain,14,0.9793367978223212,0.9753333333333334,0.9862577293312463,0.9779049435701795,0.9822933496596997,0.9963426544584674,0.02466666666666667
original,remain,16,0.9719747587230883,0.862037037037037,0.8791237955046417,0.9169447534297368,0.9219758103061344,0.979453724325662,0.13796296296296298,unlearning,remain,16,0.932256867112101,0.6898148148148148,0.7592596220442623,0.8109010011123471,0.8309108328071712,0.9271420028045863,0.3101851851851852
original,remain,17,0.9933184855233853,0.9936666666666666,0.9791978630375698,0.9935864545920984,0.9861871091230867,0.9995363771343727,0.006333333333333302,unlearning,remain,17,0.85003711952487,0.992,0.9696220041118204,0.9592953651445185,0.9037889906115787,0.9956536748329622,0.00799999999999997
original,remain,18,0.9959686981266304,0.9998148148148148,0.9998415605018977,0.9977399684448424,0.9978989370927241,0.9999964319904443,0.00018518518518519564,unlearning,remain,18,0.9942692277290331,0.9993518518518519,0.9994424765419435,0.9966099526672636,0.9968384940301438,0.9999861671014149,0.0006481481481481569
original,remain,19,0.9999100921555405,0.9988,0.9987878724785658,0.9993518828919433,0.9993486149006895,0.9999994905222147,0.001200000000000016,unlearning,remain,19,0.9998201843110811,0.9981777777777778,0.9981608503047364,0.9989943010392223,0.9989896553940852,0.9999979321195774,0.0018222222222222066
original,remain,20,1.0,0.9892401552967277,0.9877528781041534,0.9942063610571898,0.9938012049483229,0.9998333056107466,0.010759844703272315,unlearning,remain,20,1.0,0.9731003882418193,0.9706941051730198,0.9855159026429744,0.9848507448544617,0.9997504159733778,0.026899611758180807
original,remain,21,0.9985371267150929,0.9869191919191919,0.9872766009176193,0.9927316777710479,0.9928269851069882,0.9997876056774361,0.01308080808080811,unlearning,remain,21,0.9981335754640839,0.9633838383838385,0.9656702891371435,0.9807692307692308,0.9813877933178363,0.9992703263465975,0.0366161616161616
original,remain,22,0.9643652561247216,0.9207946673637433,0.5926061432230099,0.9253713884664874,0.7330660910679412,0.983886264339727,0.07920533263625668,unlearning,remain,22,0.8619153674832962,0.8809305973075415,0.4702682355486106,0.878933208562405,0.6071709841814223,0.9439264238716921,0.11906940269245847
original,remain,23,0.9980400890868598,0.9932729624838291,0.9930882022605034,0.9956178790534619,0.995556536291746,0.9999109131403119,0.006727037516170787,unlearning,remain,23,0.9907349665924275,0.9925830099180681,0.9922895568750272,0.9916739702015775,0.9914646683531745,0.9995980142734897,0.00741699008193184
 
 
 
 , , ,Sn,Sp,precision,acc,f1_score,auc,fpr, , , ,Sn,Sp,precision,acc,f1_score,auc,fpr
original,forget,2,0.9991292517006802,0.9980555555555556,0.9977196532849327,0.9985490931832396,0.9984231700696947,0.9999925623582766,0.0019444444444444153,unlearning,forget,2,0.26019047619047614,0.9996759259259259,0.8946561709210101,0.6597623514696686,0.3327120839201542,0.8467299244142102,0.0003240740740740877
 
original,remain,1,1.0,0.9999346191565871,0.9999363948607048,0.9999677523379555,0.9999681903489519,1.0,6.538084341288299e-05,unlearning,remain,1,1.0,1.0,1.0,1.0,1.0,1.0,0.0
original,remain,3,0.9997104806022005,0.9939898989898991,0.9943668065430248,0.996915408153193,0.9970124213791499,0.9999863282506595,0.006010101010100984,unlearning,remain,3,0.9982628836132021,0.9921717171717171,0.9927213564528428,0.9952867436580792,0.9954440994616246,0.9999541740508736,0.007828282828282815
original,remain,5,0.9856344086021505,0.9982539682539683,0.9980726340003898,0.9921981424148607,0.9916389408007262,0.9998867383512545,0.0017460317460317397,unlearning,remain,5,0.9644731182795698,0.9988888888888889,0.9987451480665073,0.9823735810113519,0.9802013590314068,0.9997974739716675,0.0011111111111111072
original,remain,6,0.984848484848485,0.8622812372812373,0.8710858716135331,0.9198759439050702,0.9223557690587272,0.9923387455347683,0.1377187627187627,unlearning,remain,6,0.9605716253443526,0.889041514041514,0.8912210908112483,0.9226537216828478,0.9225882053500606,0.9884797967184331,0.11095848595848597
original,remain,8,0.9977728285077951,0.9995555555555555,0.9995530703939097,0.9986651835372635,0.9986610865123813,0.9999750061865875,0.0004444444444444251,unlearning,remain,8,0.9893095768374165,0.9988888888888889,0.998870499855547,0.9941045606229144,0.9940508666393948,0.9998544914625093,0.0011111111111110849
original,remain,9,0.9956637914869679,0.9916690675117641,0.9919144587289499,0.99369040277053,0.9937820839346561,0.9997558525562558,0.008330932488235882,unlearning,remain,9,0.9968123007687981,0.9809612983770287,0.9818791668531744,0.9889819251387637,0.9892481183067545,0.9993677534477136,0.019038701622971305
original,remain,10,0.9908801389693109,0.9951709401709401,0.9945268831327262,0.9931556522527423,0.9926944268107252,0.9997328379334748,0.004829059829059827,unlearning,remain,10,0.9594190310750821,0.9978632478632479,0.9973579665386086,0.9798069078052759,0.9776212351952847,0.9988137375716994,0.0021367521367521105
original,remain,13,0.989247311827957,0.9903968253968253,0.9916955497617354,0.9897928436911488,0.9902910657033214,0.999942003754907,0.009603174603174613,unlearning,remain,13,0.99584229390681,0.9717460317460317,0.9773236374815232,0.984406779661017,0.9859093422581583,0.9999237071172554,0.02825396825396827
original,remain,14,0.9804503835684236,0.9877777777777778,0.9931702001774756,0.9830710538865045,0.986324650920062,0.9980552668481399,0.012222222222222226,unlearning,remain,14,0.9707993071022023,0.9835555555555556,0.9906654698399328,0.9753616277221427,0.9796662395705686,0.9958269405262724,0.016444444444444446
original,remain,16,0.9719747587230883,0.862037037037037,0.8791237955046417,0.9169447534297368,0.9219758103061344,0.979453724325662,0.13796296296296298,unlearning,remain,16,0.9437639198218263,0.7898148148148149,0.8242704063679377,0.8667037449017427,0.8773225964452828,0.9531310319227915,0.21018518518518517
original,remain,17,0.9933184855233853,0.9936666666666666,0.9791978630375698,0.9935864545920984,0.9861871091230867,0.9995363771343727,0.006333333333333302,unlearning,remain,17,0.9591685226429102,0.9877777777777778,0.9596507126996671,0.9811869334701556,0.95887663837796,0.997853749072012,0.012222222222222245
original,remain,18,0.9959686981266304,0.9998148148148148,0.9998415605018977,0.9977399684448424,0.9978989370927241,0.9999964319904443,0.00018518518518519564,unlearning,remain,18,0.9944668405659632,0.9988425925925926,0.999009319192091,0.9964820263528208,0.9967249638870461,0.999959917529576,0.0011574074074074032
original,remain,19,0.9999100921555405,0.9988,0.9987878724785658,0.9993518828919433,0.9993486149006895,0.9999994905222147,0.001200000000000016,unlearning,remain,19,0.9998201843110811,0.9975999999999999,0.997580158767066,0.9987037657838865,0.9986984450487403,0.9999987053270397,0.0023999999999999946
original,remain,20,1.0,0.9892401552967277,0.9877528781041534,0.9942063610571898,0.9938012049483229,0.9998333056107466,0.010759844703272315,unlearning,remain,20,1.0,0.987465335551858,0.985734715253691,0.9932507092728088,0.992779360166152,0.9999996411315625,0.012534664448141974
original,remain,21,0.9985371267150929,0.9869191919191919,0.9872766009176193,0.9927316777710479,0.9928269851069882,0.9997876056774361,0.01308080808080811,unlearning,remain,21,0.9981335754640839,0.9674747474747475,0.9693499773486114,0.9828134463961236,0.9833250834625158,0.9993054842207385,0.03252525252525254
original,remain,22,0.9643652561247216,0.9207946673637433,0.5926061432230099,0.9253713884664874,0.7330660910679412,0.983886264339727,0.07920533263625668,unlearning,remain,22,0.9743875278396437,0.892497712717292,0.5297388111898094,0.9010995438062932,0.6820156524085008,0.9815112163453603,0.10750228728270811
original,remain,23,0.9980400890868598,0.9932729624838291,0.9930882022605034,0.9956178790534619,0.995556536291746,0.9999109131403119,0.006727037516170787,unlearning,remain,23,0.9981291759465479,0.990599396291505,0.9903696662889644,0.9943032427695003,0.994233180068292,0.9998796808777304,0.009400603708495048
 
 
 
 , , ,Sn,Sp,precision,acc,f1_score,auc,fpr, , , ,Sn,Sp,precision,acc,f1_score,auc,fpr
original,forget,3,0.9997104806022005,0.9939898989898991,0.9943668065430248,0.996915408153193,0.9970124213791499,0.9999863282506595,0.006010101010100984,unlearning,forget,3,0.0016406099208646982,0.9995454545454546,0.625,0.4892162669035633,0.0032638702282565013,0.7932329300532833,0.0004545454545454482
 
original,remain,1,1.0,0.9999346191565871,0.9999363948607048,0.9999677523379555,0.9999681903489519,1.0,6.538084341288299e-05,unlearning,remain,1,1.0,0.9981693363844393,0.9982235186780805,0.9990970654627539,0.9991104473942551,0.9999991554367665,0.0018306636155606601
original,remain,2,0.9991292517006802,0.9980555555555556,0.9977196532849327,0.9985490931832396,0.9984231700696947,0.9999925623582766,0.0019444444444444153,unlearning,remain,2,0.9945578231292518,0.9987962962962964,0.9985809835689672,0.9968480300187617,0.9965585631289456,0.999946814058957,0.0012037037037037068
original,remain,5,0.9856344086021505,0.9982539682539683,0.9980726340003898,0.9921981424148607,0.9916389408007262,0.9998867383512545,0.0017460317460317397,unlearning,remain,5,0.9571612903225807,0.9993650793650793,0.9992228875261718,0.9791124871001031,0.9758718701390985,0.9997037719747397,0.0006349206349206326
original,remain,6,0.984848484848485,0.8622812372812373,0.8710858716135331,0.9198759439050702,0.9223557690587272,0.9923387455347683,0.1377187627187627,unlearning,remain,6,0.9662534435261709,0.9002849002849003,0.9009891778576294,0.9312837108953613,0.9307417390889654,0.9903017069210249,0.0997150997150997
original,remain,8,0.9977728285077951,0.9995555555555555,0.9995530703939097,0.9986651835372635,0.9986610865123813,0.9999750061865875,0.0004444444444444251,unlearning,remain,8,0.9899777282850779,0.9993333333333334,0.9993176523088259,0.9946607341490544,0.9945953063023577,0.9999430833951992,0.0006666666666666598
original,remain,9,0.9956637914869679,0.9916690675117641,0.9919144587289499,0.99369040277053,0.9937820839346561,0.9997558525562558,0.008330932488235882,unlearning,remain,9,0.9979139321207576,0.9893642562181888,0.989822212462447,0.9936904027705299,0.9938200525351701,0.9998058176406841,0.010635743781811202
original,remain,10,0.9908801389693109,0.9951709401709401,0.9945268831327262,0.9931556522527423,0.9926944268107252,0.9997328379334748,0.004829059829059827,unlearning,remain,10,0.9669947886508395,0.9988034188034187,0.9985748061533825,0.9838636569667302,0.9823705174073268,0.9995267471382121,0.0011965811965811886
original,remain,13,0.989247311827957,0.9903968253968253,0.9916955497617354,0.9897928436911488,0.9902910657033214,0.999942003754907,0.009603174603174613,unlearning,remain,13,0.9897491039426524,0.9857142857142857,0.9879038923918103,0.987834274952919,0.9885681297619834,0.9999062638675542,0.01428571428571429
original,remain,14,0.9804503835684236,0.9877777777777778,0.9931702001774756,0.9830710538865045,0.986324650920062,0.9980552668481399,0.012222222222222226,unlearning,remain,14,0.9915862410294481,0.968,0.9827848582880646,0.9831505325067558,0.987024289534987,0.9975967169842447,0.031999999999999994
original,remain,16,0.9719747587230883,0.862037037037037,0.8791237955046417,0.9169447534297368,0.9219758103061344,0.979453724325662,0.13796296296296298,unlearning,remain,16,0.9166666666666669,0.8942592592592593,0.8976076441232447,0.9054505005561736,0.905071392594735,0.9697816134620142,0.10574074074074073
original,remain,17,0.9933184855233853,0.9936666666666666,0.9791978630375698,0.9935864545920984,0.9861871091230867,0.9995363771343727,0.006333333333333302,unlearning,remain,17,0.8299925760950259,0.9961111111111111,0.9831062971321657,0.9578416281853942,0.8876554941772895,0.9974513734224203,0.003888888888888905
original,remain,18,0.9959686981266304,0.9998148148148148,0.9998415605018977,0.9977399684448424,0.9978989370927241,0.9999964319904443,0.00018518518518519564,unlearning,remain,18,0.993162595842226,0.9997685185185184,0.9998015728600956,0.9962048526715278,0.9964621790006108,0.9999896033690793,0.00023148148148149916
original,remain,19,0.9999100921555405,0.9988,0.9987878724785658,0.9993518828919433,0.9993486149006895,0.9999994905222147,0.001200000000000016,unlearning,remain,19,0.9999550460777703,0.9988000000000001,0.9987882530528144,0.9993742317577383,0.9993711599224854,0.9999961879073949,0.0011999999999999789
original,remain,20,1.0,0.9892401552967277,0.9877528781041534,0.9942063610571898,0.9938012049483229,0.9998333056107466,0.010759844703272315,unlearning,remain,20,1.0,0.9902939545202439,0.9889114510103088,0.9947737793041661,0.9943978311658166,0.9999999641131563,0.009706045479755954
original,remain,21,0.9985371267150929,0.9869191919191919,0.9872766009176193,0.9927316777710479,0.9928269851069882,0.9997876056774361,0.01308080808080811,unlearning,remain,21,0.9957627118644068,0.9768181818181818,0.977759470529662,0.9862961841308298,0.9865583881285123,0.9992109095392995,0.023181818181818192
original,remain,22,0.9643652561247216,0.9207946673637433,0.5926061432230099,0.9253713884664874,0.7330660910679412,0.983886264339727,0.07920533263625668,unlearning,remain,22,0.9142538975501113,0.9160240491439027,0.5701820293505713,0.9158381097204351,0.7007855479902728,0.9711573141086118,0.08397595085609727
original,remain,23,0.9980400890868598,0.9932729624838291,0.9930882022605034,0.9956178790534619,0.995556536291746,0.9999109131403119,0.006727037516170787,unlearning,remain,23,0.9959910913140313,0.9947391116860714,0.9945681297973114,0.9953549517966696,0.9952751329038836,0.9998605496762967,0.005260888313928435
 
 
 
 , , ,Sn,Sp,precision,acc,f1_score,auc,fpr, , , ,Sn,Sp,precision,acc,f1_score,auc,fpr
original,forget,5,0.9856344086021505,0.9982539682539683,0.9980726340003898,0.9921981424148607,0.9916389408007262,0.9998867383512545,0.0017460317460317397,unlearning,forget,5,0.020043010752688172,0.9997619047619046,0.9417142857142856,0.5296181630546956,0.03790950819026066,0.9246139272913467,0.00023809523809523725
 
original,remain,1,1.0,0.9999346191565871,0.9999363948607048,0.9999677523379555,0.9999681903489519,1.0,6.538084341288299e-05,unlearning,remain,1,0.9991727648743238,0.9998038574697613,0.9998090144390755,0.9994840374072879,0.9994906485892093,0.9999992136825069,0.00019614253023864897
original,remain,2,0.9991292517006802,0.9980555555555556,0.9977196532849327,0.9985490931832396,0.9984231700696947,0.9999925623582766,0.0019444444444444153,unlearning,remain,2,0.929795918367347,0.997037037037037,0.9963747866736524,0.9661288305190744,0.961466230435419,0.9982621957671958,0.002962962962962945
original,remain,3,0.9997104806022005,0.9939898989898991,0.9943668065430248,0.996915408153193,0.9970124213791499,0.9999863282506595,0.006010101010100984,unlearning,remain,3,0.9996139741362672,0.9837373737373737,0.9848338658117518,0.9918566775244301,0.9921336246133978,0.9998489966251981,0.016262626262626256
original,remain,6,0.984848484848485,0.8622812372812373,0.8710858716135331,0.9198759439050702,0.9223557690587272,0.9923387455347683,0.1377187627187627,unlearning,remain,6,0.9497819100091829,0.8643162393162394,0.8692895729026948,0.9044768069039915,0.9050527038024114,0.9784809965917921,0.13568376068376067
original,remain,8,0.9977728285077951,0.9995555555555555,0.9995530703939097,0.9986651835372635,0.9986610865123813,0.9999750061865875,0.0004444444444444251,unlearning,remain,8,0.9752783964365257,0.9997777777777778,0.9997658079625292,0.9875417130144605,0.9872871038315653,0.9999779757485772,0.00022222222222221256
original,remain,9,0.9956637914869679,0.9916690675117641,0.9919144587289499,0.99369040277053,0.9937820839346561,0.9997558525562558,0.008330932488235882,unlearning,remain,9,0.9932261391336958,0.9884759435321233,0.9888929244345253,0.9908795483656719,0.9910175636434531,0.9996125671676145,0.011524056467876687
original,remain,10,0.9908801389693109,0.9951709401709401,0.9945268831327262,0.9931556522527423,0.9926944268107252,0.9997328379334748,0.004829059829059827,unlearning,remain,10,0.8793669175834781,0.9992307692307693,0.998945190614393,0.9429335509020035,0.9326542572069253,0.9986921889151188,0.0007692307692307628
original,remain,13,0.989247311827957,0.9903968253968253,0.9916955497617354,0.9897928436911488,0.9902910657033214,0.999942003754907,0.009603174603174613,unlearning,remain,13,0.9784946236559139,0.9937301587301587,0.9942791619288625,0.9857250470809792,0.9862369759430497,0.999346509643284,0.006269841269841277
original,remain,14,0.9804503835684236,0.9877777777777778,0.9931702001774756,0.9830710538865045,0.986324650920062,0.9980552668481399,0.012222222222222226,unlearning,remain,14,0.9866369710467707,0.9579999999999999,0.9773549113501928,0.9763948497854077,0.9818311913184168,0.995100057741483,0.042
original,remain,16,0.9719747587230883,0.862037037037037,0.8791237955046417,0.9169447534297368,0.9219758103061344,0.979453724325662,0.13796296296296298,unlearning,remain,16,0.9396807720861173,0.8031481481481482,0.8309112984359158,0.8713385242862439,0.8789218682210623,0.9550000000000001,0.19685185185185183
original,remain,17,0.9933184855233853,0.9936666666666666,0.9791978630375698,0.9935864545920984,0.9861871091230867,0.9995363771343727,0.006333333333333302,unlearning,remain,17,0.9821826280623608,0.988111111111111,0.961740061864185,0.9867453394903368,0.9717563026602738,0.99862286562732,0.011888888888888874
original,remain,18,0.9959686981266304,0.9998148148148148,0.9998415605018977,0.9977399684448424,0.9978989370927241,0.9999964319904443,0.00018518518518519564,unlearning,remain,18,0.9936763892182435,0.9992592592592593,0.9993624867447127,0.9962474947763423,0.9965037990468271,0.9999828845326234,0.0007407407407407455
original,remain,19,0.9999100921555405,0.9988,0.9987878724785658,0.9993518828919433,0.9993486149006895,0.9999994905222147,0.001200000000000016,unlearning,remain,19,0.9998651382333108,0.9974222222222222,0.9974010807104654,0.9986367191865013,0.9986311519364289,0.9999976923653255,0.002577777777777753
original,remain,20,1.0,0.9892401552967277,0.9877528781041534,0.9942063610571898,0.9938012049483229,0.9998333056107466,0.010759844703272315,unlearning,remain,20,1.0,0.9777038269550749,0.9753463839365641,0.987994624458713,0.9873453647269861,0.9995259796525184,0.02229617304492513
original,remain,21,0.9985371267150929,0.9869191919191919,0.9872766009176193,0.9927316777710479,0.9928269851069882,0.9997876056774361,0.01308080808080811,unlearning,remain,21,0.9982849071832123,0.96,0.9623841792912389,0.9791540480516858,0.9797881015168458,0.9991095121921394,0.04000000000000001
original,remain,22,0.9643652561247216,0.9207946673637433,0.5926061432230099,0.9253713884664874,0.7330660910679412,0.983886264339727,0.07920533263625668,unlearning,remain,22,0.8023385300668151,0.8951117500980263,0.4748477006649121,0.8853667095566733,0.596573426394445,0.9296727155336406,0.1048882499019736
original,remain,23,0.9980400890868598,0.9932729624838291,0.9930882022605034,0.9956178790534619,0.995556536291746,0.9999109131403119,0.006727037516170787,unlearning,remain,23,0.9893095768374165,0.9935316946959896,0.9932470970818079,0.9914548641542507,0.9912238451330768,0.9995623257471206,0.006468305304010369
 
 
 
 , , ,Sn,Sp,precision,acc,f1_score,auc,fpr, , , ,Sn,Sp,precision,acc,f1_score,auc,fpr
original,forget,6,0.984848484848485,0.8622812372812373,0.8710858716135331,0.9198759439050702,0.9223557690587272,0.9923387455347683,0.1377187627187627,unlearning,forget,6,0.0,1.0,0.0,0.5300970873786408,0.0,0.5,0.0
 
original,remain,1,1.0,0.9999346191565871,0.9999363948607048,0.9999677523379555,0.9999681903489519,1.0,6.538084341288299e-05,unlearning,remain,1,0.0,1.0,0.0,0.49322799097065456,0.0,0.5,0.0
original,remain,2,0.9991292517006802,0.9980555555555556,0.9977196532849327,0.9985490931832396,0.9984231700696947,0.9999925623582766,0.0019444444444444153,unlearning,remain,2,0.0,1.0,0.0,0.5403377110694184,0.0,0.5,0.0
original,remain,3,0.9997104806022005,0.9939898989898991,0.9943668065430248,0.996915408153193,0.9970124213791499,0.9999863282506595,0.006010101010100984,unlearning,remain,3,0.0,1.0,0.0,0.488599348534202,0.0,0.5,0.0
original,remain,5,0.9856344086021505,0.9982539682539683,0.9980726340003898,0.9921981424148607,0.9916389408007262,0.9998867383512545,0.0017460317460317397,unlearning,remain,5,0.0,1.0,0.0,0.5201238390092879,0.0,0.5,0.0
original,remain,8,0.9977728285077951,0.9995555555555555,0.9995530703939097,0.9986651835372635,0.9986610865123813,0.9999750061865875,0.0004444444444444251,unlearning,remain,8,0.0,1.0,0.0,0.5005561735261401,0.0,0.5,0.0
original,remain,9,0.9956637914869679,0.9916690675117641,0.9919144587289499,0.99369040277053,0.9937820839346561,0.9997558525562558,0.008330932488235882,unlearning,remain,9,0.0,1.0,0.0,0.4939987665449025,0.0,0.5,0.0
original,remain,10,0.9908801389693109,0.9951709401709401,0.9945268831327262,0.9931556522527423,0.9926944268107252,0.9997328379334748,0.004829059829059827,unlearning,remain,10,0.0,1.0,0.0,0.530323633396791,0.0,0.5,0.0
original,remain,13,0.989247311827957,0.9903968253968253,0.9916955497617354,0.9897928436911488,0.9902910657033214,0.999942003754907,0.009603174603174613,unlearning,remain,13,0.0,1.0,0.0,0.4745762711864407,0.0,0.5,0.0
original,remain,14,0.9804503835684236,0.9877777777777778,0.9931702001774756,0.9830710538865045,0.986324650920062,0.9980552668481399,0.012222222222222226,unlearning,remain,14,0.0,1.0,0.0,0.35765379113018597,0.0,0.5,0.0
original,remain,16,0.9719747587230883,0.862037037037037,0.8791237955046417,0.9169447534297368,0.9219758103061344,0.979453724325662,0.13796296296296298,unlearning,remain,16,0.0,1.0,0.0,0.5005561735261401,0.0,0.5,0.0
original,remain,17,0.9933184855233853,0.9936666666666666,0.9791978630375698,0.9935864545920984,0.9861871091230867,0.9995363771343727,0.006333333333333302,unlearning,remain,17,0.0,1.0,0.0,0.7696254489481785,0.0,0.5,0.0
original,remain,18,0.9959686981266304,0.9998148148148148,0.9998415605018977,0.9977399684448424,0.9978989370927241,0.9999964319904443,0.00018518518518519564,unlearning,remain,18,0.0,1.0,0.0,0.4605347319943713,0.0,0.5,0.0
original,remain,19,0.9999100921555405,0.9988,0.9987878724785658,0.9993518828919433,0.9993486149006895,0.9999994905222147,0.001200000000000016,unlearning,remain,19,0.0,1.0,0.0,0.5028494803888702,0.0,0.5,0.0
original,remain,20,1.0,0.9892401552967277,0.9877528781041534,0.9942063610571898,0.9938012049483229,0.9998333056107466,0.010759844703272315,unlearning,remain,20,0.0,1.0,0.0,0.538450052262207,0.0,0.5,0.0
original,remain,21,0.9985371267150929,0.9869191919191919,0.9872766009176193,0.9927316777710479,0.9928269851069882,0.9997876056774361,0.01308080808080811,unlearning,remain,21,0.0,1.0,0.0,0.4996971532404603,0.0,0.5,0.0
original,remain,22,0.9643652561247216,0.9207946673637433,0.5926061432230099,0.9253713884664874,0.7330660910679412,0.983886264339727,0.07920533263625668,unlearning,remain,22,0.0,1.0,0.0,0.8949584746754007,0.0,0.5,0.0
original,remain,23,0.9980400890868598,0.9932729624838291,0.9930882022605034,0.9956178790534619,0.995556536291746,0.9999109131403119,0.006727037516170787,unlearning,remain,23,0.0,1.0,0.0,0.5081069237510956,0.0,0.5,0.0
 
 
 
 , , ,Sn,Sp,precision,acc,f1_score,auc,fpr, , , ,Sn,Sp,precision,acc,f1_score,auc,fpr
original,forget,8,0.9977728285077951,0.9995555555555555,0.9995530703939097,0.9986651835372635,0.9986610865123813,0.9999750061865875,0.0004444444444444251,unlearning,forget,8,0.14365256124721604,1.0,1.0,0.5723025583982203,0.19580752059895365,0.9984367730759713,0.0
 
original,remain,1,1.0,0.9999346191565871,0.9999363948607048,0.9999677523379555,0.9999681903489519,1.0,6.538084341288299e-05,unlearning,remain,1,0.9998727330575884,0.9993461915658711,0.9993656988476072,0.9996130280554659,0.9996187650551233,0.9999983982421435,0.0006538084341287982
original,remain,2,0.9991292517006802,0.9980555555555556,0.9977196532849327,0.9985490931832396,0.9984231700696947,0.9999925623582766,0.0019444444444444153,unlearning,remain,2,0.979482993197279,0.9993981481481482,0.9992860026288443,0.9902439024390244,0.9890674783192338,0.9995919652305366,0.0006018518518518349
original,remain,3,0.9997104806022005,0.9939898989898991,0.9943668065430248,0.996915408153193,0.9970124213791499,0.9999863282506595,0.006010101010100984,unlearning,remain,3,0.9970082995560703,0.9966666666666666,0.9968283591122646,0.9968413779488698,0.9969039043775304,0.9999756540506396,0.003333333333333318
original,remain,5,0.9856344086021505,0.9982539682539683,0.9980726340003898,0.9921981424148607,0.9916389408007262,0.9998867383512545,0.0017460317460317397,unlearning,remain,5,0.9211182795698925,0.9989682539682541,0.9988073922432752,0.9616099071207431,0.9561695402581545,0.9995355180064858,0.0010317460317460282
original,remain,6,0.984848484848485,0.8622812372812373,0.8710858716135331,0.9198759439050702,0.9223557690587272,0.9923387455347683,0.1377187627187627,unlearning,remain,6,0.9650482093663911,0.920991045991046,0.9192528372121775,0.9416936353829559,0.9404448703053591,0.9913112587118269,0.07900895400895402
original,remain,9,0.9956637914869679,0.9916690675117641,0.9919144587289499,0.99369040277053,0.9937820839346561,0.9997558525562558,0.008330932488235882,unlearning,remain,9,0.9964841552597038,0.9935897435897436,0.993772126551452,0.9950543194648703,0.9951218251566684,0.9998028452837076,0.006410256410256415
original,remain,10,0.9908801389693109,0.9951709401709401,0.9945268831327262,0.9931556522527423,0.9926944268107252,0.9997328379334748,0.004829059829059827,unlearning,remain,10,0.9313356494885158,0.999059829059829,0.9987849999743998,0.9672513824675913,0.9625481243166675,0.9989257469353011,0.0009401709401709405
original,remain,13,0.989247311827957,0.9903968253968253,0.9916955497617354,0.9897928436911488,0.9902910657033214,0.999942003754907,0.009603174603174613,unlearning,remain,13,0.9918996415770609,0.9949206349206349,0.9955211878462991,0.9933333333333333,0.9936171794773648,0.9999855265403652,0.005079365079365091
original,remain,14,0.9804503835684236,0.9877777777777778,0.9931702001774756,0.9830710538865045,0.986324650920062,0.9980552668481399,0.012222222222222226,unlearning,remain,14,0.9865132392972035,0.9857777777777779,0.9921431955541874,0.9862501986965507,0.9891480797685221,0.998332755918502,0.014222222222222228
original,remain,16,0.9719747587230883,0.862037037037037,0.8791237955046417,0.9169447534297368,0.9219758103061344,0.979453724325662,0.13796296296296298,unlearning,remain,16,0.9799554565701559,0.8438888888888888,0.8668208239056384,0.9118464961067853,0.9186080240085269,0.9821195248700816,0.15611111111111112
original,remain,17,0.9933184855233853,0.9936666666666666,0.9791978630375698,0.9935864545920984,0.9861871091230867,0.9995363771343727,0.006333333333333302,unlearning,remain,17,0.933184855233853,0.9946666666666667,0.9814121749815482,0.9805028219599795,0.9556934172646027,0.9933901262063846,0.005333333333333338
original,remain,18,0.9959686981266304,0.9998148148148148,0.9998415605018977,0.9977399684448424,0.9978989370927241,0.9999964319904443,0.00018518518518519564,unlearning,remain,18,0.9912655126076991,0.9999074074074074,0.9999208703974514,0.9952454053132063,0.9955534185416686,0.9999972663557558,9.259259259260706e-05
original,remain,19,0.9999100921555405,0.9988,0.9987878724785658,0.9993518828919433,0.9993486149006895,0.9999994905222147,0.001200000000000016,unlearning,remain,19,0.9996853225443919,0.9984444444444445,0.998429569628648,0.9990613476366074,0.9990567426713648,0.9999980100397092,0.0015555555555555693
original,remain,20,1.0,0.9892401552967277,0.9877528781041534,0.9942063610571898,0.9938012049483229,0.9998333056107466,0.010759844703272315,unlearning,remain,20,1.0,0.9867443150305046,0.9850433666137397,0.992862475735404,0.9923975028321766,0.9999699447683531,0.013255684969495274
original,remain,21,0.9985371267150929,0.9869191919191919,0.9872766009176193,0.9927316777710479,0.9928269851069882,0.9997876056774361,0.01308080808080811,unlearning,remain,21,0.9953591606133978,0.9822727272727272,0.9828643557764649,0.9888199071269936,0.9889850275484772,0.9992569459730477,0.01772727272727273
original,remain,22,0.9643652561247216,0.9207946673637433,0.5926061432230099,0.9253713884664874,0.7330660910679412,0.983886264339727,0.07920533263625668,unlearning,remain,22,0.7232739420935412,0.9623578617174225,0.6947730248301849,0.9372441221195461,0.7083198940299793,0.9683292487786362,0.03764213828257745
original,remain,23,0.9980400890868598,0.9932729624838291,0.9930882022605034,0.9956178790534619,0.995556536291746,0.9999109131403119,0.006727037516170787,unlearning,remain,23,0.989576837416481,0.991893057352307,0.9916108070234768,0.9907537248028045,0.9905672796792319,0.9995873730228931,0.008106942647692983
 
 
 
 , , ,Sn,Sp,precision,acc,f1_score,auc,fpr, , , ,Sn,Sp,precision,acc,f1_score,auc,fpr
original,forget,9,0.9956637914869679,0.9916690675117641,0.9919144587289499,0.99369040277053,0.9937820839346561,0.9997558525562558,0.008330932488235882,unlearning,forget,9,0.0005390961935120946,0.9999039661961011,0.3641304347826087,0.4942241093030979,0.0010759644730066894,0.8924831392515906,9.60338038989983e-05
 
original,remain,1,1.0,0.9999346191565871,0.9999363948607048,0.9999677523379555,0.9999681903489519,1.0,6.538084341288299e-05,unlearning,remain,1,0.9997454661151766,0.9998692383131742,0.9998727613894989,0.9998065140277329,0.9998090712260641,0.9999999126313897,0.00013076168682576598
original,remain,2,0.9991292517006802,0.9980555555555556,0.9977196532849327,0.9985490931832396,0.9984231700696947,0.9999925623582766,0.0019444444444444153,unlearning,remain,2,0.9874285714285714,0.9973148148148149,0.9968205590336625,0.9927704815509694,0.9920906772257237,0.9998191609977324,0.0026851851851851607
original,remain,3,0.9997104806022005,0.9939898989898991,0.9943668065430248,0.996915408153193,0.9970124213791499,0.9999863282506595,0.006010101010100984,unlearning,remain,3,0.9997104806022005,0.9863636363636363,0.9873114720955879,0.9931892212022504,0.9934284035679611,0.9999587507969094,0.013636363636363632
original,remain,5,0.9856344086021505,0.9982539682539683,0.9980726340003898,0.9921981424148607,0.9916389408007262,0.9998867383512545,0.0017460317460317397,unlearning,remain,5,0.8895483870967741,0.9988095238095237,0.9987016883230299,0.9463777089783282,0.9260176809622621,0.9987597542242703,0.0011904761904761862
original,remain,6,0.984848484848485,0.8622812372812373,0.8710858716135331,0.9198759439050702,0.9223557690587272,0.9923387455347683,0.1377187627187627,unlearning,remain,6,0.9605716253443526,0.8488502238502238,0.8597416927979362,0.9013484358144552,0.9040982968051409,0.9828032210844712,0.15114977614977615
original,remain,8,0.9977728285077951,0.9995555555555555,0.9995530703939097,0.9986651835372635,0.9986610865123813,0.9999750061865875,0.0004444444444444251,unlearning,remain,8,0.9861915367483295,0.9997777777777778,0.9997724687144481,0.9929922135706339,0.9928823605164198,0.999948280128681,0.00022222222222221256
original,remain,10,0.9908801389693109,0.9951709401709401,0.9945268831327262,0.9931556522527423,0.9926944268107252,0.9997328379334748,0.004829059829059827,unlearning,remain,10,0.8915267322910635,0.9982905982905983,0.997857560826788,0.948146133623425,0.9408458742899959,0.99842591767751,0.0017094017094017218
original,remain,13,0.989247311827957,0.9903968253968253,0.9916955497617354,0.9897928436911488,0.9902910657033214,0.999942003754907,0.009603174603174613,unlearning,remain,13,0.9740501792114696,0.9796825396825398,0.9831798264511488,0.9767231638418078,0.9779964938379858,0.9998712066905616,0.020317460317460328
original,remain,14,0.9804503835684236,0.9877777777777778,0.9931702001774756,0.9830710538865045,0.986324650920062,0.9980552668481399,0.012222222222222226,unlearning,remain,14,0.9824300915614947,0.9442222222222222,0.9701752823623561,0.968764902241297,0.9760558371823191,0.9896357337292749,0.05577777777777776
original,remain,16,0.9719747587230883,0.862037037037037,0.8791237955046417,0.9169447534297368,0.9219758103061344,0.979453724325662,0.13796296296296298,unlearning,remain,16,0.9081291759465479,0.8418518518518519,0.8554082165340781,0.874953652206155,0.8781285049366626,0.9535929637878412,0.15814814814814815
original,remain,17,0.9933184855233853,0.9936666666666666,0.9791978630375698,0.9935864545920984,0.9861871091230867,0.9995363771343727,0.006333333333333302,unlearning,remain,17,0.9420935412026726,0.978111111111111,0.9345929695116179,0.969813579613477,0.93575095666147,0.9975228903736699,0.02188888888888892
original,remain,18,0.9959686981266304,0.9998148148148148,0.9998415605018977,0.9977399684448424,0.9978989370927241,0.9999964319904443,0.00018518518518519564,unlearning,remain,18,0.9947434985376651,0.9998148148148148,0.9998416748975583,0.9970790158202208,0.9972792528872056,0.9999927871314519,0.00018518518518519564
original,remain,19,0.9999100921555405,0.9988,0.9987878724785658,0.9993518828919433,0.9993486149006895,0.9999994905222147,0.001200000000000016,unlearning,remain,19,0.9999100921555405,0.9986666666666667,0.998653862495375,0.999284836294558,0.9992814124672159,0.9999989211058665,0.0013333333333333715
original,remain,20,1.0,0.9892401552967277,0.9877528781041534,0.9942063610571898,0.9938012049483229,0.9998333056107466,0.010759844703272315,unlearning,remain,20,1.0,0.9961730449251249,0.9955681642525059,0.9979393758399283,0.9977759313435748,0.9999997487920936,0.0038269550748752045
original,remain,21,0.9985371267150929,0.9869191919191919,0.9872766009176193,0.9927316777710479,0.9928269851069882,0.9997876056774361,0.01308080808080811,unlearning,remain,21,0.9979317998385795,0.95,0.9547302311434153,0.9739804159095496,0.9752570597959268,0.9986675369514353,0.04999999999999999
original,remain,22,0.9643652561247216,0.9207946673637433,0.5926061432230099,0.9253713884664874,0.7330660910679412,0.983886264339727,0.07920533263625668,unlearning,remain,22,0.856347438752784,0.9009279832701608,0.5101883175680825,0.8962451748742544,0.638852105176117,0.9543094356561103,0.09907201672983923
original,remain,23,0.9980400890868598,0.9932729624838291,0.9930882022605034,0.9956178790534619,0.995556536291746,0.9999109131403119,0.006727037516170787,unlearning,remain,23,0.989576837416481,0.9900819318671841,0.9897457085866341,0.9898334794040314,0.989600803725293,0.9992947962555858,0.009918068132815882
 
 
 
 , , ,Sn,Sp,precision,acc,f1_score,auc,fpr, , , ,Sn,Sp,precision,acc,f1_score,auc,fpr
original,forget,10,0.9908801389693109,0.9951709401709401,0.9945268831327262,0.9931556522527423,0.9926944268107252,0.9997328379334748,0.004829059829059827,unlearning,forget,10,0.01915653348774368,0.9999572649572649,0.8148148148148149,0.5392983410388904,0.036368654438186716,0.9084493204954988,4.273504273503518e-05
 
original,remain,1,1.0,0.9999346191565871,0.9999363948607048,0.9999677523379555,0.9999681903489519,1.0,6.538084341288299e-05,unlearning,remain,1,0.9999363665287941,1.0,1.0,0.9999677523379555,0.9999681761766858,1.0,0.0
original,remain,2,0.9991292517006802,0.9980555555555556,0.9977196532849327,0.9985490931832396,0.9984231700696947,0.9999925623582766,0.0019444444444444153,unlearning,remain,2,0.9927619047619048,0.9980555555555556,0.9977079786955402,0.9956222639149468,0.995208520166786,0.9999241269841269,0.0019444444444444524
original,remain,3,0.9997104806022005,0.9939898989898991,0.9943668065430248,0.996915408153193,0.9970124213791499,0.9999863282506595,0.006010101010100984,unlearning,remain,3,0.9992762015055009,0.9915656565656565,0.9921723926065491,0.9955088342710493,0.995667859661903,0.9999725102794009,0.008434343434343424
original,remain,5,0.9856344086021505,0.9982539682539683,0.9980726340003898,0.9921981424148607,0.9916389408007262,0.9998867383512545,0.0017460317460317397,unlearning,remain,5,0.9464086021505377,0.9992857142857143,0.9991649642276516,0.9739112487100103,0.9689674272252986,0.999689878818911,0.0007142857142857118
original,remain,6,0.984848484848485,0.8622812372812373,0.8710858716135331,0.9198759439050702,0.9223557690587272,0.9923387455347683,0.1377187627187627,unlearning,remain,6,0.954775022956841,0.8221408221408221,0.8389464256607546,0.8844660194174758,0.8897966318928913,0.9720666538848357,0.17785917785917785
original,remain,8,0.9977728285077951,0.9995555555555555,0.9995530703939097,0.9986651835372635,0.9986610865123813,0.9999750061865875,0.0004444444444444251,unlearning,remain,8,0.9839643652561246,0.9988888888888889,0.9988704151884461,0.9914349276974417,0.9912665156898471,0.9999336797822321,0.0011111111111111072
original,remain,9,0.9956637914869679,0.9916690675117641,0.9919144587289499,0.99369040277053,0.9937820839346561,0.9997558525562558,0.008330932488235882,unlearning,remain,9,0.9982420776298518,0.9777921828483626,0.9791203962943309,0.9881398548318232,0.9884937116515788,0.9996821975278669,0.022207817151637416
original,remain,13,0.989247311827957,0.9903968253968253,0.9916955497617354,0.9897928436911488,0.9902910657033214,0.999942003754907,0.009603174603174613,unlearning,remain,13,0.9881720430107528,0.9864285714285715,0.9884292136953472,0.9873446327683615,0.9881042847594067,0.9997335381464415,0.013571428571428587
original,remain,14,0.9804503835684236,0.9877777777777778,0.9931702001774756,0.9830710538865045,0.986324650920062,0.9980552668481399,0.012222222222222226,unlearning,remain,14,0.9894828012868104,0.9435555555555556,0.9710778417937748,0.9730567477348592,0.9797346637404895,0.9952754268745361,0.05644444444444444
original,remain,16,0.9719747587230883,0.862037037037037,0.8791237955046417,0.9169447534297368,0.9219758103061344,0.979453724325662,0.13796296296296298,unlearning,remain,16,0.9589829250185598,0.8203703703703703,0.8484525477411863,0.8895995550611792,0.8982622024153818,0.9668747422255217,0.1796296296296296
original,remain,17,0.9933184855233853,0.9936666666666666,0.9791978630375698,0.9935864545920984,0.9861871091230867,0.9995363771343727,0.006333333333333302,unlearning,remain,17,0.9658500371195249,0.9965555555555555,0.9882741580108901,0.9894817855310416,0.9768063609011639,0.9995436773075972,0.0034444444444444353
original,remain,18,0.9959686981266304,0.9998148148148148,0.9998415605018977,0.9977399684448424,0.9978989370927241,0.9999964319904443,0.00018518518518519564,unlearning,remain,18,0.9945854082681213,0.9991203703703704,0.9992440481518937,0.9966739158244851,0.996903723811699,0.9999830931239516,0.0008796296296296376
original,remain,19,0.9999100921555405,0.9988,0.9987878724785658,0.9993518828919433,0.9993486149006895,0.9999994905222147,0.001200000000000016,unlearning,remain,19,0.9999100921555405,0.9976888888888888,0.9976697406119656,0.9987931612470667,0.9987881774475738,0.9999981898553983,0.0023111111111111158
original,remain,20,1.0,0.9892401552967277,0.9877528781041534,0.9942063610571898,0.9938012049483229,0.9998333056107466,0.010759844703272315,unlearning,remain,20,1.0,0.9899057127010538,0.9885229618513016,0.9945647304763326,0.9941878781781771,0.9999983492051872,0.010094287298946191
original,remain,21,0.9985371267150929,0.9869191919191919,0.9872766009176193,0.9927316777710479,0.9928269851069882,0.9997876056774361,0.01308080808080811,unlearning,remain,21,0.9976291364003228,0.9721212121212122,0.9735144353334567,0.9848828992529781,0.985266196787506,0.9994048638116435,0.027878787878787864
original,remain,22,0.9643652561247216,0.9207946673637433,0.5926061432230099,0.9253713884664874,0.7330660910679412,0.983886264339727,0.07920533263625668,unlearning,remain,22,0.9376391982182628,0.8902104300091491,0.5088762637581642,0.8951924201661012,0.6581734344988553,0.9683734952910941,0.10978956999085088
original,remain,23,0.9980400890868598,0.9932729624838291,0.9930882022605034,0.9956178790534619,0.995556536291746,0.9999109131403119,0.006727037516170787,unlearning,remain,23,0.9973273942093541,0.9938766709788702,0.993698922329032,0.9955740578439964,0.9955090421299124,0.9999019621966692,0.006123329021129775
 
 
 
 , , ,Sn,Sp,precision,acc,f1_score,auc,fpr, , , ,Sn,Sp,precision,acc,f1_score,auc,fpr
original,forget,13,0.989247311827957,0.9903968253968253,0.9916955497617354,0.9897928436911488,0.9902910657033214,0.999942003754907,0.009603174603174613,unlearning,forget,13,0.004444444444444444,0.9996031746031746,0.7407407407407408,0.47672316384180796,0.008750145558469315,0.7944791944017751,0.0003968253968253954
 
original,remain,1,1.0,0.9999346191565871,0.9999363948607048,0.9999677523379555,0.9999681903489519,1.0,6.538084341288299e-05,unlearning,remain,1,0.9994272987591473,0.9997384766263485,0.9997454661151766,0.9995807803934215,0.9995862050863503,0.999999475788338,0.00026152337365153197
original,remain,2,0.9991292517006802,0.9980555555555556,0.9977196532849327,0.9985490931832396,0.9984231700696947,0.9999925623582766,0.0019444444444444153,unlearning,remain,2,0.9927074829931973,0.9983333333333332,0.9980383214692633,0.9957473420888056,0.9953419569817615,0.9999099092970521,0.0016666666666667052
original,remain,3,0.9997104806022005,0.9939898989898991,0.9943668065430248,0.996915408153193,0.9970124213791499,0.9999863282506595,0.006010101010100984,unlearning,remain,3,0.9996622273692336,0.9933838383838384,0.9937477854792572,0.9965946106011252,0.9966881611805324,0.9999762389383119,0.006616161616161613
original,remain,5,0.9856344086021505,0.9982539682539683,0.9980726340003898,0.9921981424148607,0.9916389408007262,0.9998867383512545,0.0017460317460317397,unlearning,remain,5,0.9736774193548386,0.9983333333333334,0.9981224817495644,0.986501547987616,0.9851247689699087,0.9998327018262503,0.0016666666666666607
original,remain,6,0.984848484848485,0.8622812372812373,0.8710858716135331,0.9198759439050702,0.9223557690587272,0.9923387455347683,0.1377187627187627,unlearning,remain,6,0.9765840220385675,0.8703194953194954,0.8769141227754039,0.9202535059331175,0.9221032486963209,0.9891401606600471,0.12968050468050465
original,remain,8,0.9977728285077951,0.9995555555555555,0.9995530703939097,0.9986651835372635,0.9986610865123813,0.9999750061865875,0.0004444444444444251,unlearning,remain,8,0.9861915367483295,0.9997777777777778,0.9997745208568208,0.9929922135706342,0.9929281666581234,0.9999950507300174,0.00022222222222221256
original,remain,9,0.9956637914869679,0.9916690675117641,0.9919144587289499,0.99369040277053,0.9937820839346561,0.9997558525562558,0.008330932488235882,unlearning,remain,9,0.99810144384024,0.986075098434649,0.986651252768526,0.9921604440438351,0.9923244499212827,0.9996925641996244,0.013924901565351006
original,remain,10,0.9908801389693109,0.9951709401709401,0.9945268831327262,0.9931556522527423,0.9926944268107252,0.9997328379334748,0.004829059829059827,unlearning,remain,10,0.952277552596024,0.997008547008547,0.996330702923027,0.9759994560783248,0.9734684442731972,0.9984582473435976,0.002991452991452981
original,remain,14,0.9804503835684236,0.9877777777777778,0.9931702001774756,0.9830710538865045,0.986324650920062,0.9980552668481399,0.012222222222222226,unlearning,remain,14,0.967211086364761,0.9924444444444444,0.9956560378422523,0.9762358925449054,0.9799254625914787,0.9973072671780913,0.007555555555555556
original,remain,16,0.9719747587230883,0.862037037037037,0.8791237955046417,0.9169447534297368,0.9219758103061344,0.979453724325662,0.13796296296296298,unlearning,remain,16,0.7362657757980697,0.918148148148148,0.8982057340453246,0.8273081201334817,0.8057054119598984,0.9201542522477933,0.08185185185185184
original,remain,17,0.9933184855233853,0.9936666666666666,0.9791978630375698,0.9935864545920984,0.9861871091230867,0.9995363771343727,0.006333333333333302,unlearning,remain,17,0.6885671863400149,0.9956666666666667,0.9735621629453441,0.9249187617581666,0.7858984065874424,0.9810398416233607,0.0043333333333333375
original,remain,18,0.9959686981266304,0.9998148148148148,0.9998415605018977,0.9977399684448424,0.9978989370927241,0.9999964319904443,0.00018518518518519564,unlearning,remain,18,0.9961663109635602,0.9997685185185184,0.9998021802337114,0.997825252654471,0.9979788625845752,0.9999942253137654,0.00023148148148148065
original,remain,19,0.9999100921555405,0.9988,0.9987878724785658,0.9993518828919433,0.9993486149006895,0.9999994905222147,0.001200000000000016,unlearning,remain,19,0.7673184985389975,0.9984888888888889,0.9980612103755147,0.8835624092077327,0.8206372796148188,0.9930099887615195,0.0015111111111111297
original,remain,20,1.0,0.9892401552967277,0.9877528781041534,0.9942063610571898,0.9938012049483229,0.9998333056107466,0.010759844703272315,unlearning,remain,20,1.0,0.9948419301164726,0.9940413816085897,0.9972226370016426,0.9970060651747218,1.0,0.0051580698835274495
original,remain,21,0.9985371267150929,0.9869191919191919,0.9872766009176193,0.9927316777710479,0.9928269851069882,0.9997876056774361,0.01308080808080811,unlearning,remain,21,0.9984362389023407,0.9734343434343434,0.9746315315422817,0.9859428629113669,0.9862670534887886,0.999550753703296,0.02656565656565657
original,remain,22,0.9643652561247216,0.9207946673637433,0.5926061432230099,0.9253713884664874,0.7330660910679412,0.983886264339727,0.07920533263625668,unlearning,remain,22,0.9699331848552339,0.9191608940007843,0.5928513546970169,0.9244940928763599,0.7335993301760757,0.9868371719608686,0.08083910599921579
original,remain,23,0.9980400890868598,0.9932729624838291,0.9930882022605034,0.9956178790534619,0.995556536291746,0.9999109131403119,0.006727037516170787,unlearning,remain,23,0.9967928730512249,0.9927554980595084,0.9925472918659466,0.9947414548641543,0.9946634125451634,0.9998419178837358,0.007244501940491599
 
 
 
 , , ,Sn,Sp,precision,acc,f1_score,auc,fpr, , , ,Sn,Sp,precision,acc,f1_score,auc,fpr
original,forget,14,0.9804503835684236,0.9877777777777778,0.9931702001774756,0.9830710538865045,0.986324650920062,0.9980552668481399,0.012222222222222226,unlearning,forget,14,0.0007423904974016332,1.0,0.3333333333333333,0.35813066285169287,0.0014811164962687678,0.9653239297203663,0.0
 
original,remain,1,1.0,0.9999346191565871,0.9999363948607048,0.9999677523379555,0.9999681903489519,1.0,6.538084341288299e-05,unlearning,remain,1,0.9999363665287941,0.9998692383131742,0.9998727897214096,0.9999032570138665,0.9999045568745897,1.0,0.00013076168682576598
original,remain,2,0.9991292517006802,0.9980555555555556,0.9977196532849327,0.9985490931832396,0.9984231700696947,0.9999925623582766,0.0019444444444444153,unlearning,remain,2,0.9960272108843538,0.997037037037037,0.9965242747790023,0.9965728580362727,0.9962651184349732,0.9999351171579743,0.002962962962962945
original,remain,3,0.9997104806022005,0.9939898989898991,0.9943668065430248,0.996915408153193,0.9970124213791499,0.9999863282506595,0.006010101010100984,unlearning,remain,3,0.9996622273692336,0.9886363636363636,0.9895518795710664,0.9942749975323265,0.9945083214269936,0.9999727296122779,0.011363636363636334
original,remain,5,0.9856344086021505,0.9982539682539683,0.9980726340003898,0.9921981424148607,0.9916389408007262,0.9998867383512545,0.0017460317460317397,unlearning,remain,5,0.9618924731182796,0.9985714285714286,0.9983798987608417,0.980970072239422,0.9785636034126366,0.9997282812766682,0.0014285714285714236
original,remain,6,0.984848484848485,0.8622812372812373,0.8710858716135331,0.9198759439050702,0.9223557690587272,0.9923387455347683,0.1377187627187627,unlearning,remain,6,0.9516184573002755,0.8744403744403745,0.8785283360992162,0.9107065803667747,0.9110296587173023,0.9816156066156067,0.12555962555962555
original,remain,8,0.9977728285077951,0.9995555555555555,0.9995530703939097,0.9986651835372635,0.9986610865123813,0.9999750061865875,0.0004444444444444251,unlearning,remain,8,0.9902004454342984,0.9993333333333334,0.9993264604810996,0.9947719688542825,0.9947076875519432,0.9999492699826776,0.0006666666666666598
original,remain,9,0.9956637914869679,0.9916690675117641,0.9919144587289499,0.99369040277053,0.9937820839346561,0.9997558525562558,0.008330932488235882,unlearning,remain,9,0.9957341083817739,0.9925093632958801,0.9927385422905107,0.9941410882869206,0.9942282907057074,0.9997784249120006,0.0074906367041198685
original,remain,10,0.9908801389693109,0.9951709401709401,0.9945268831327262,0.9931556522527423,0.9926944268107252,0.9997328379334748,0.004829059829059827,unlearning,remain,10,0.930949623624783,0.9987606837606838,0.9984173284746323,0.9669114314205421,0.9628877655849383,0.9988801414438359,0.0012393162393162238
original,remain,13,0.989247311827957,0.9903968253968253,0.9916955497617354,0.9897928436911488,0.9902910657033214,0.999942003754907,0.009603174603174613,unlearning,remain,13,0.9790681003584231,0.9865079365079364,0.9885950674388151,0.982598870056497,0.9833883590739498,0.9998532172725721,0.013492063492063519
original,remain,16,0.9719747587230883,0.862037037037037,0.8791237955046417,0.9169447534297368,0.9219758103061344,0.979453724325662,0.13796296296296298,unlearning,remain,16,0.9120267260579064,0.8316666666666667,0.8467053774330973,0.8718020022246943,0.8751446985197426,0.9497634661387444,0.1683333333333333
original,remain,17,0.9933184855233853,0.9936666666666666,0.9791978630375698,0.9935864545920984,0.9861871091230867,0.9995363771343727,0.006333333333333302,unlearning,remain,17,0.9769858945805495,0.989,0.9636928258663522,0.9862322558577049,0.970249023101092,0.9984143776292997,0.010999999999999973
original,remain,18,0.9959686981266304,0.9998148148148148,0.9998415605018977,0.9977399684448424,0.9978989370927241,0.9999964319904443,0.00018518518518519564,unlearning,remain,18,0.9930045055726819,0.998611111111111,0.9988106326257759,0.9955865421517206,0.9958914627046774,0.9999658349361931,0.0013888888888889024
original,remain,19,0.9999100921555405,0.9988,0.9987878724785658,0.9993518828919433,0.9993486149006895,0.9999994905222147,0.001200000000000016,unlearning,remain,19,0.999370645088784,0.9985777777777778,0.9985642305500652,0.9989719521734273,0.9989667042577436,0.9999939162358582,0.0014222222222222136
original,remain,20,1.0,0.9892401552967277,0.9877528781041534,0.9942063610571898,0.9938012049483229,0.9998333056107466,0.010759844703272315,unlearning,remain,20,1.0,0.9920687742651136,0.9908988175589963,0.9957294310885472,0.9954119208384411,0.9999993719802343,0.007931225734886294
original,remain,21,0.9985371267150929,0.9869191919191919,0.9872766009176193,0.9927316777710479,0.9928269851069882,0.9997876056774361,0.01308080808080811,unlearning,remain,21,0.9951573849878935,0.9809090909090908,0.9814479215214853,0.9880375529981829,0.9881971481116604,0.9993459820154735,0.019090909090909075
original,remain,22,0.9643652561247216,0.9207946673637433,0.5926061432230099,0.9253713884664874,0.7330660910679412,0.983886264339727,0.07920533263625668,unlearning,remain,22,0.9131403118040089,0.8934779767350673,0.5124534946465593,0.8955433384021523,0.6546872819148928,0.962874628962428,0.10652202326493265
original,remain,23,0.9980400890868598,0.9932729624838291,0.9930882022605034,0.9956178790534619,0.995556536291746,0.9999109131403119,0.006727037516170787,unlearning,remain,23,0.9942984409799553,0.9913755929279862,0.9911180840749036,0.9928133216476775,0.9926909372921557,0.9997519858705705,0.008624407072013817
 
 
 
 , , ,Sn,Sp,precision,acc,f1_score,auc,fpr, , , ,Sn,Sp,precision,acc,f1_score,auc,fpr
original,forget,16,0.9719747587230883,0.862037037037037,0.8791237955046417,0.9169447534297368,0.9219758103061344,0.979453724325662,0.13796296296296298,unlearning,forget,16,0.0,1.0,0.0,0.5005561735261401,0.0,0.5,0.0
 
original,remain,1,1.0,0.9999346191565871,0.9999363948607048,0.9999677523379555,0.9999681903489519,1.0,6.538084341288299e-05,unlearning,remain,1,0.0,1.0,0.0,0.49322799097065456,0.0,0.5,0.0
original,remain,2,0.9991292517006802,0.9980555555555556,0.9977196532849327,0.9985490931832396,0.9984231700696947,0.9999925623582766,0.0019444444444444153,unlearning,remain,2,0.0,1.0,0.0,0.5403377110694184,0.0,0.5,0.0
original,remain,3,0.9997104806022005,0.9939898989898991,0.9943668065430248,0.996915408153193,0.9970124213791499,0.9999863282506595,0.006010101010100984,unlearning,remain,3,0.0,1.0,0.0,0.488599348534202,0.0,0.5,0.0
original,remain,5,0.9856344086021505,0.9982539682539683,0.9980726340003898,0.9921981424148607,0.9916389408007262,0.9998867383512545,0.0017460317460317397,unlearning,remain,5,0.0,1.0,0.0,0.5201238390092879,0.0,0.5,0.0
original,remain,6,0.984848484848485,0.8622812372812373,0.8710858716135331,0.9198759439050702,0.9223557690587272,0.9923387455347683,0.1377187627187627,unlearning,remain,6,0.0,1.0,0.0,0.5300970873786408,0.0,0.5,0.0
original,remain,8,0.9977728285077951,0.9995555555555555,0.9995530703939097,0.9986651835372635,0.9986610865123813,0.9999750061865875,0.0004444444444444251,unlearning,remain,8,0.0,1.0,0.0,0.5005561735261401,0.0,0.5,0.0
original,remain,9,0.9956637914869679,0.9916690675117641,0.9919144587289499,0.99369040277053,0.9937820839346561,0.9997558525562558,0.008330932488235882,unlearning,remain,9,0.0,1.0,0.0,0.4939987665449025,0.0,0.5,0.0
original,remain,10,0.9908801389693109,0.9951709401709401,0.9945268831327262,0.9931556522527423,0.9926944268107252,0.9997328379334748,0.004829059829059827,unlearning,remain,10,0.0,1.0,0.0,0.530323633396791,0.0,0.5,0.0
original,remain,13,0.989247311827957,0.9903968253968253,0.9916955497617354,0.9897928436911488,0.9902910657033214,0.999942003754907,0.009603174603174613,unlearning,remain,13,0.0,1.0,0.0,0.4745762711864407,0.0,0.5,0.0
original,remain,14,0.9804503835684236,0.9877777777777778,0.9931702001774756,0.9830710538865045,0.986324650920062,0.9980552668481399,0.012222222222222226,unlearning,remain,14,0.0,1.0,0.0,0.35765379113018597,0.0,0.5,0.0
original,remain,17,0.9933184855233853,0.9936666666666666,0.9791978630375698,0.9935864545920984,0.9861871091230867,0.9995363771343727,0.006333333333333302,unlearning,remain,17,0.0,1.0,0.0,0.7696254489481785,0.0,0.5,0.0
original,remain,18,0.9959686981266304,0.9998148148148148,0.9998415605018977,0.9977399684448424,0.9978989370927241,0.9999964319904443,0.00018518518518519564,unlearning,remain,18,0.0,1.0,0.0,0.4605347319943713,0.0,0.5,0.0
original,remain,19,0.9999100921555405,0.9988,0.9987878724785658,0.9993518828919433,0.9993486149006895,0.9999994905222147,0.001200000000000016,unlearning,remain,19,0.0,1.0,0.0,0.5028494803888702,0.0,0.5,0.0
original,remain,20,1.0,0.9892401552967277,0.9877528781041534,0.9942063610571898,0.9938012049483229,0.9998333056107466,0.010759844703272315,unlearning,remain,20,0.0,1.0,0.0,0.538450052262207,0.0,0.5,0.0
original,remain,21,0.9985371267150929,0.9869191919191919,0.9872766009176193,0.9927316777710479,0.9928269851069882,0.9997876056774361,0.01308080808080811,unlearning,remain,21,0.0,1.0,0.0,0.4996971532404603,0.0,0.5,0.0
original,remain,22,0.9643652561247216,0.9207946673637433,0.5926061432230099,0.9253713884664874,0.7330660910679412,0.983886264339727,0.07920533263625668,unlearning,remain,22,0.0,1.0,0.0,0.8949584746754007,0.0,0.5,0.0
original,remain,23,0.9980400890868598,0.9932729624838291,0.9930882022605034,0.9956178790534619,0.995556536291746,0.9999109131403119,0.006727037516170787,unlearning,remain,23,0.0,1.0,0.0,0.5081069237510956,0.0,0.5,0.0
 
 
 
 , , ,Sn,Sp,precision,acc,f1_score,auc,fpr, , , ,Sn,Sp,precision,acc,f1_score,auc,fpr
original,forget,17,0.9933184855233853,0.9936666666666666,0.9791978630375698,0.9935864545920984,0.9861871091230867,0.9995363771343727,0.006333333333333302,unlearning,forget,17,0.26280623608017817,0.9979999999999999,0.33053221288515405,0.8286300667008722,0.29280397022332505,0.8749805741153179,0.0020000000000000018
 
original,remain,1,1.0,0.9999346191565871,0.9999363948607048,0.9999677523379555,0.9999681903489519,1.0,6.538084341288299e-05,unlearning,remain,1,0.9997454661151766,0.9998692383131742,0.9998727897214096,0.999806514027733,0.9998090002762746,0.9999999417542599,0.00013076168682576598
original,remain,2,0.9991292517006802,0.9980555555555556,0.9977196532849327,0.9985490931832396,0.9984231700696947,0.9999925623582766,0.0019444444444444153,unlearning,remain,2,0.9953741496598639,0.9981944444444445,0.9978785129747593,0.9968980612883053,0.9966131657748111,0.9998974905517763,0.0018055555555555418
original,remain,3,0.9997104806022005,0.9939898989898991,0.9943668065430248,0.996915408153193,0.9970124213791499,0.9999863282506595,0.006010101010100984,unlearning,remain,3,0.9995657209033005,0.9925252525252525,0.9930079393382113,0.9961257526404106,0.9962502779299295,0.9999868400273727,0.007474747474747467
original,remain,5,0.9856344086021505,0.9982539682539683,0.9980726340003898,0.9921981424148607,0.9916389408007262,0.9998867383512545,0.0017460317460317397,unlearning,remain,5,0.9774623655913979,0.9985714285714286,0.9983799560813067,0.9884416924664603,0.9874953478136161,0.9998192865676737,0.0014285714285714236
original,remain,6,0.984848484848485,0.8622812372812373,0.8710858716135331,0.9198759439050702,0.9223557690587272,0.9923387455347683,0.1377187627187627,unlearning,remain,6,0.9800275482093664,0.8396418396418396,0.8548477056389613,0.9056094929881338,0.9101568826442483,0.9896134090026136,0.1603581603581604
original,remain,8,0.9977728285077951,0.9995555555555555,0.9995530703939097,0.9986651835372635,0.9986610865123813,0.9999750061865875,0.0004444444444444251,unlearning,remain,8,0.9844097995545658,0.9995555555555555,0.999540224418047,0.9919911012235817,0.991870215283648,0.9999230388517695,0.0004444444444444251
original,remain,9,0.9956637914869679,0.9916690675117641,0.9919144587289499,0.99369040277053,0.9937820839346561,0.9997558525562558,0.008330932488235882,unlearning,remain,9,0.9934370898181136,0.9934697013348699,0.9936260318521251,0.9934531998671663,0.9935291493484283,0.9997009939435679,0.006530298665130135
original,remain,10,0.9908801389693109,0.9951709401709401,0.9945268831327262,0.9931556522527423,0.9926944268107252,0.9997328379334748,0.004829059829059827,unlearning,remain,10,0.9575371549893844,0.9986324786324786,0.9983533910604954,0.9793309763394071,0.9772789923040137,0.9995058374039266,0.0013675213675213478
original,remain,13,0.989247311827957,0.9903968253968253,0.9916955497617354,0.9897928436911488,0.9902910657033214,0.999942003754907,0.009603174603174613,unlearning,remain,13,0.990967741935484,0.9919047619047618,0.9929362683784965,0.991412429378531,0.9918509299641495,0.9999584570745861,0.008095238095238119
original,remain,14,0.9804503835684236,0.9877777777777778,0.9931702001774756,0.9830710538865045,0.986324650920062,0.9980552668481399,0.012222222222222226,unlearning,remain,14,0.9863895075476368,0.9777777777777777,0.9877702228877606,0.983309489747258,0.9868771638237225,0.997687701064093,0.022222222222222216
original,remain,16,0.9719747587230883,0.862037037037037,0.8791237955046417,0.9169447534297368,0.9219758103061344,0.979453724325662,0.13796296296296298,unlearning,remain,16,0.9758723088344469,0.8340740740740741,0.85889239137536,0.9048943270300335,0.912423392417628,0.9769442382248618,0.16592592592592595
original,remain,18,0.9959686981266304,0.9998148148148148,0.9998415605018977,0.9977399684448424,0.9978989370927241,0.9999964319904443,0.00018518518518519564,unlearning,remain,18,0.9800015809026954,0.9999074074074074,0.9999201919809888,0.9891689053771694,0.989703461256151,0.9999680306343812,9.259259259260706e-05
original,remain,19,0.9999100921555405,0.9988,0.9987878724785658,0.9993518828919433,0.9993486149006895,0.9999994905222147,0.001200000000000016,unlearning,remain,19,0.9994155990110137,0.9989777777777777,0.9989665021639355,0.9991954408313779,0.9991909991157284,0.9999962658275269,0.0010222222222222206
original,remain,20,1.0,0.9892401552967277,0.9877528781041534,0.9942063610571898,0.9938012049483229,0.9998333056107466,0.010759844703272315,unlearning,remain,20,1.0,0.9861342207432058,0.984381808424606,0.9925339704345228,0.9920545069206893,0.9998596016955098,0.01386577925679422
original,remain,21,0.9985371267150929,0.9869191919191919,0.9872766009176193,0.9927316777710479,0.9928269851069882,0.9997876056774361,0.01308080808080811,unlearning,remain,21,0.992181194511703,0.9904040404040404,0.9905300935370267,0.9912931556632344,0.9913254650004917,0.9995606386708082,0.009595959595959602
original,remain,22,0.9643652561247216,0.9207946673637433,0.5926061432230099,0.9253713884664874,0.7330660910679412,0.983886264339727,0.07920533263625668,unlearning,remain,22,0.9510022271714922,0.8806038426349496,0.4908079384309523,0.8879985963270558,0.645907678139749,0.9659111914275875,0.11939615736505033
original,remain,23,0.9980400890868598,0.9932729624838291,0.9930882022605034,0.9956178790534619,0.995556536291746,0.9999109131403119,0.006727037516170787,unlearning,remain,23,0.9961692650334075,0.9947391116860717,0.9945704867364829,0.9954425942156003,0.9953653161601738,0.9998752630300096,0.005260888313928414
 
 
 
 , , ,Sn,Sp,precision,acc,f1_score,auc,fpr, , , ,Sn,Sp,precision,acc,f1_score,auc,fpr
original,forget,18,0.9959686981266304,0.9998148148148148,0.9998415605018977,0.9977399684448424,0.9978989370927241,0.9999964319904443,0.00018518518518519564,unlearning,forget,18,0.0,1.0,0.0,0.4605347319943713,0.0,0.5,0.0
 
original,remain,1,1.0,0.9999346191565871,0.9999363948607048,0.9999677523379555,0.9999681903489519,1.0,6.538084341288299e-05,unlearning,remain,1,0.0,1.0,0.0,0.49322799097065456,0.0,0.5,0.0
original,remain,2,0.9991292517006802,0.9980555555555556,0.9977196532849327,0.9985490931832396,0.9984231700696947,0.9999925623582766,0.0019444444444444153,unlearning,remain,2,0.0,1.0,0.0,0.5403377110694184,0.0,0.5,0.0
original,remain,3,0.9997104806022005,0.9939898989898991,0.9943668065430248,0.996915408153193,0.9970124213791499,0.9999863282506595,0.006010101010100984,unlearning,remain,3,0.0,1.0,0.0,0.488599348534202,0.0,0.5,0.0
original,remain,5,0.9856344086021505,0.9982539682539683,0.9980726340003898,0.9921981424148607,0.9916389408007262,0.9998867383512545,0.0017460317460317397,unlearning,remain,5,0.0,1.0,0.0,0.5201238390092879,0.0,0.5,0.0
original,remain,6,0.984848484848485,0.8622812372812373,0.8710858716135331,0.9198759439050702,0.9223557690587272,0.9923387455347683,0.1377187627187627,unlearning,remain,6,0.0,1.0,0.0,0.5300970873786408,0.0,0.5,0.0
original,remain,8,0.9977728285077951,0.9995555555555555,0.9995530703939097,0.9986651835372635,0.9986610865123813,0.9999750061865875,0.0004444444444444251,unlearning,remain,8,0.0,1.0,0.0,0.5005561735261401,0.0,0.5,0.0
original,remain,9,0.9956637914869679,0.9916690675117641,0.9919144587289499,0.99369040277053,0.9937820839346561,0.9997558525562558,0.008330932488235882,unlearning,remain,9,0.0,1.0,0.0,0.4939987665449025,0.0,0.5,0.0
original,remain,10,0.9908801389693109,0.9951709401709401,0.9945268831327262,0.9931556522527423,0.9926944268107252,0.9997328379334748,0.004829059829059827,unlearning,remain,10,0.0,1.0,0.0,0.530323633396791,0.0,0.5,0.0
original,remain,13,0.989247311827957,0.9903968253968253,0.9916955497617354,0.9897928436911488,0.9902910657033214,0.999942003754907,0.009603174603174613,unlearning,remain,13,0.0,1.0,0.0,0.4745762711864407,0.0,0.5,0.0
original,remain,14,0.9804503835684236,0.9877777777777778,0.9931702001774756,0.9830710538865045,0.986324650920062,0.9980552668481399,0.012222222222222226,unlearning,remain,14,0.0,1.0,0.0,0.35765379113018597,0.0,0.5,0.0
original,remain,16,0.9719747587230883,0.862037037037037,0.8791237955046417,0.9169447534297368,0.9219758103061344,0.979453724325662,0.13796296296296298,unlearning,remain,16,0.0,1.0,0.0,0.5005561735261401,0.0,0.5,0.0
original,remain,17,0.9933184855233853,0.9936666666666666,0.9791978630375698,0.9935864545920984,0.9861871091230867,0.9995363771343727,0.006333333333333302,unlearning,remain,17,0.0,1.0,0.0,0.7696254489481785,0.0,0.5,0.0
original,remain,19,0.9999100921555405,0.9988,0.9987878724785658,0.9993518828919433,0.9993486149006895,0.9999994905222147,0.001200000000000016,unlearning,remain,19,0.0,1.0,0.0,0.5028494803888702,0.0,0.5,0.0
original,remain,20,1.0,0.9892401552967277,0.9877528781041534,0.9942063610571898,0.9938012049483229,0.9998333056107466,0.010759844703272315,unlearning,remain,20,0.0,1.0,0.0,0.538450052262207,0.0,0.5,0.0
original,remain,21,0.9985371267150929,0.9869191919191919,0.9872766009176193,0.9927316777710479,0.9928269851069882,0.9997876056774361,0.01308080808080811,unlearning,remain,21,0.0,1.0,0.0,0.4996971532404603,0.0,0.5,0.0
original,remain,22,0.9643652561247216,0.9207946673637433,0.5926061432230099,0.9253713884664874,0.7330660910679412,0.983886264339727,0.07920533263625668,unlearning,remain,22,0.0,1.0,0.0,0.8949584746754007,0.0,0.5,0.0
original,remain,23,0.9980400890868598,0.9932729624838291,0.9930882022605034,0.9956178790534619,0.995556536291746,0.9999109131403119,0.006727037516170787,unlearning,remain,23,0.0,1.0,0.0,0.5081069237510956,0.0,0.5,0.0
 
 
 
 , , ,Sn,Sp,precision,acc,f1_score,auc,fpr, , , ,Sn,Sp,precision,acc,f1_score,auc,fpr
original,forget,19,0.9999100921555405,0.9988,0.9987878724785658,0.9993518828919433,0.9993486149006895,0.9999994905222147,0.001200000000000016,unlearning,forget,19,0.0,1.0,0.0,0.5028494803888702,0.0,0.5,0.0
 
original,remain,1,1.0,0.9999346191565871,0.9999363948607048,0.9999677523379555,0.9999681903489519,1.0,6.538084341288299e-05,unlearning,remain,1,0.0,1.0,0.0,0.49322799097065456,0.0,0.5,0.0
original,remain,2,0.9991292517006802,0.9980555555555556,0.9977196532849327,0.9985490931832396,0.9984231700696947,0.9999925623582766,0.0019444444444444153,unlearning,remain,2,0.0,1.0,0.0,0.5403377110694184,0.0,0.5,0.0
original,remain,3,0.9997104806022005,0.9939898989898991,0.9943668065430248,0.996915408153193,0.9970124213791499,0.9999863282506595,0.006010101010100984,unlearning,remain,3,0.0,1.0,0.0,0.488599348534202,0.0,0.5,0.0
original,remain,5,0.9856344086021505,0.9982539682539683,0.9980726340003898,0.9921981424148607,0.9916389408007262,0.9998867383512545,0.0017460317460317397,unlearning,remain,5,0.0,1.0,0.0,0.5201238390092879,0.0,0.5,0.0
original,remain,6,0.984848484848485,0.8622812372812373,0.8710858716135331,0.9198759439050702,0.9223557690587272,0.9923387455347683,0.1377187627187627,unlearning,remain,6,0.0,1.0,0.0,0.5300970873786408,0.0,0.5,0.0
original,remain,8,0.9977728285077951,0.9995555555555555,0.9995530703939097,0.9986651835372635,0.9986610865123813,0.9999750061865875,0.0004444444444444251,unlearning,remain,8,0.0,1.0,0.0,0.5005561735261401,0.0,0.5,0.0
original,remain,9,0.9956637914869679,0.9916690675117641,0.9919144587289499,0.99369040277053,0.9937820839346561,0.9997558525562558,0.008330932488235882,unlearning,remain,9,0.0,1.0,0.0,0.4939987665449025,0.0,0.5,0.0
original,remain,10,0.9908801389693109,0.9951709401709401,0.9945268831327262,0.9931556522527423,0.9926944268107252,0.9997328379334748,0.004829059829059827,unlearning,remain,10,0.0,1.0,0.0,0.530323633396791,0.0,0.5,0.0
original,remain,13,0.989247311827957,0.9903968253968253,0.9916955497617354,0.9897928436911488,0.9902910657033214,0.999942003754907,0.009603174603174613,unlearning,remain,13,0.0,1.0,0.0,0.4745762711864407,0.0,0.5,0.0
original,remain,14,0.9804503835684236,0.9877777777777778,0.9931702001774756,0.9830710538865045,0.986324650920062,0.9980552668481399,0.012222222222222226,unlearning,remain,14,0.0,1.0,0.0,0.35765379113018597,0.0,0.5,0.0
original,remain,16,0.9719747587230883,0.862037037037037,0.8791237955046417,0.9169447534297368,0.9219758103061344,0.979453724325662,0.13796296296296298,unlearning,remain,16,0.0,1.0,0.0,0.5005561735261401,0.0,0.5,0.0
original,remain,17,0.9933184855233853,0.9936666666666666,0.9791978630375698,0.9935864545920984,0.9861871091230867,0.9995363771343727,0.006333333333333302,unlearning,remain,17,0.0,1.0,0.0,0.7696254489481785,0.0,0.5,0.0
original,remain,18,0.9959686981266304,0.9998148148148148,0.9998415605018977,0.9977399684448424,0.9978989370927241,0.9999964319904443,0.00018518518518519564,unlearning,remain,18,0.0,1.0,0.0,0.4605347319943713,0.0,0.5,0.0
original,remain,20,1.0,0.9892401552967277,0.9877528781041534,0.9942063610571898,0.9938012049483229,0.9998333056107466,0.010759844703272315,unlearning,remain,20,0.0,1.0,0.0,0.538450052262207,0.0,0.5,0.0
original,remain,21,0.9985371267150929,0.9869191919191919,0.9872766009176193,0.9927316777710479,0.9928269851069882,0.9997876056774361,0.01308080808080811,unlearning,remain,21,0.0,1.0,0.0,0.4996971532404603,0.0,0.5,0.0
original,remain,22,0.9643652561247216,0.9207946673637433,0.5926061432230099,0.9253713884664874,0.7330660910679412,0.983886264339727,0.07920533263625668,unlearning,remain,22,0.0,1.0,0.0,0.8949584746754007,0.0,0.5,0.0
original,remain,23,0.9980400890868598,0.9932729624838291,0.9930882022605034,0.9956178790534619,0.995556536291746,0.9999109131403119,0.006727037516170787,unlearning,remain,23,0.0,1.0,0.0,0.5081069237510956,0.0,0.5,0.0
 
 
 
 , , ,Sn,Sp,precision,acc,f1_score,auc,fpr, , , ,Sn,Sp,precision,acc,f1_score,auc,fpr
original,forget,20,1.0,0.9892401552967277,0.9877528781041534,0.9942063610571898,0.9938012049483229,0.9998333056107466,0.010759844703272315,unlearning,forget,20,0.0,0.9997226844148642,0.0,0.5383007316708974,0.0,0.8431261532012948,0.0002773155851358844
 
original,remain,1,1.0,0.9999346191565871,0.9999363948607048,0.9999677523379555,0.9999681903489519,1.0,6.538084341288299e-05,unlearning,remain,1,0.9999363665287941,0.999411572409284,0.9994280063513593,0.999677523379555,0.9996820025818428,0.9999999126313898,0.000588427590715931
original,remain,2,0.9991292517006802,0.9980555555555556,0.9977196532849327,0.9985490931832396,0.9984231700696947,0.9999925623582766,0.0019444444444444153,unlearning,remain,2,0.9900408163265307,0.9965277777777778,0.9958893786624893,0.993545966228893,0.9929499240644049,0.9998178155706726,0.0034722222222222467
original,remain,3,0.9997104806022005,0.9939898989898991,0.9943668065430248,0.996915408153193,0.9970124213791499,0.9999863282506595,0.006010101010100984,unlearning,remain,3,0.9997104806022005,0.9858080808080808,0.9870812503473667,0.9929177771197315,0.9932422936015411,0.9999643437852761,0.014191919191919181
original,remain,5,0.9856344086021505,0.9982539682539683,0.9980726340003898,0.9921981424148607,0.9916389408007262,0.9998867383512545,0.0017460317460317397,unlearning,remain,5,0.9708387096774194,0.9987301587301587,0.998554465043034,0.9853457172342622,0.9836752860455968,0.999790100699778,0.0012698412698412653
original,remain,6,0.984848484848485,0.8622812372812373,0.8710858716135331,0.9198759439050702,0.9223557690587272,0.9923387455347683,0.1377187627187627,unlearning,remain,6,0.9615472910927456,0.8668599918599917,0.8727197940719238,0.911353829557713,0.9123397528306315,0.985659384807112,0.13314000814000815
original,remain,8,0.9977728285077951,0.9995555555555555,0.9995530703939097,0.9986651835372635,0.9986610865123813,0.9999750061865875,0.0004444444444444251,unlearning,remain,8,0.9915367483296214,0.9991111111111112,0.9990985320353692,0.9953281423804228,0.9952850188038787,0.9999425884682009,0.0008888888888888725
original,remain,9,0.9956637914869679,0.9916690675117641,0.9919144587289499,0.99369040277053,0.9937820839346561,0.9997558525562558,0.008330932488235882,unlearning,remain,9,0.9940230639414962,0.9885719773360222,0.9889401491348992,0.9913302338820627,0.9914660999710738,0.9995362560383302,0.011428022663977744
original,remain,10,0.9908801389693109,0.9951709401709401,0.9945268831327262,0.9931556522527423,0.9926944268107252,0.9997328379334748,0.004829059829059827,unlearning,remain,10,0.9394904458598724,0.9985042735042735,0.998153588430308,0.9707868733569033,0.967462175140712,0.9991861535492107,0.0014957264957264904
original,remain,13,0.989247311827957,0.9903968253968253,0.9916955497617354,0.9897928436911488,0.9902910657033214,0.999942003754907,0.009603174603174613,unlearning,remain,13,0.987741935483871,0.9755555555555556,0.9797728895127747,0.9819585687382296,0.9832158827856606,0.9998124594640724,0.024444444444444453
original,remain,14,0.9804503835684236,0.9877777777777778,0.9931702001774756,0.9830710538865045,0.986324650920062,0.9980552668481399,0.012222222222222226,unlearning,remain,14,0.9846572630536995,0.9753333333333334,0.9863664928301105,0.9813225242409792,0.9852807105294087,0.9970802606615523,0.024666666666666653
original,remain,16,0.9719747587230883,0.862037037037037,0.8791237955046417,0.9169447534297368,0.9219758103061344,0.979453724325662,0.13796296296296298,unlearning,remain,16,0.9281737193763919,0.7842592592592593,0.8154208473394643,0.8561364479050798,0.8633640397976028,0.9479491462509281,0.2157407407407407
original,remain,17,0.9933184855233853,0.9936666666666666,0.9791978630375698,0.9935864545920984,0.9861871091230867,0.9995363771343727,0.006333333333333302,unlearning,remain,17,0.9806978470675576,0.9922222222222222,0.9744592752020679,0.9895672994698136,0.9774114119006655,0.9992457312546398,0.007777777777777772
original,remain,18,0.9959686981266304,0.9998148148148148,0.9998415605018977,0.9977399684448424,0.9978989370927241,0.9999964319904443,0.00018518518518519564,unlearning,remain,18,0.9935973440834717,0.9994444444444445,0.9995216872124969,0.9962901368811564,0.9965449679636983,0.9999850802308118,0.0005555555555555499
original,remain,19,0.9999100921555405,0.9988,0.9987878724785658,0.9993518828919433,0.9993486149006895,0.9999994905222147,0.001200000000000016,unlearning,remain,19,0.9988311980220274,0.9964888888888889,0.9964607640785422,0.9976533690915185,0.9976426036544304,0.9999543747658649,0.0035111111111111315
original,remain,21,0.9985371267150929,0.9869191919191919,0.9872766009176193,0.9927316777710479,0.9928269851069882,0.9997876056774361,0.01308080808080811,unlearning,remain,21,0.9978309120258273,0.9713636363636363,0.9728156865055879,0.9846052897233999,0.9850014467108539,0.9991644501919925,0.028636363636363654
original,remain,22,0.9643652561247216,0.9207946673637433,0.5926061432230099,0.9253713884664874,0.7330660910679412,0.983886264339727,0.07920533263625668,unlearning,remain,22,0.8897550111358574,0.8755064697425173,0.46494679500587366,0.8770031582641244,0.6095598466420413,0.9512875007386548,0.12449353025748267
original,remain,23,0.9980400890868598,0.9932729624838291,0.9930882022605034,0.9956178790534619,0.995556536291746,0.9999109131403119,0.006727037516170787,unlearning,remain,23,0.9962583518930958,0.9907718844329452,0.9905245032213553,0.9934706397896582,0.9933785788490997,0.9997011998298169,0.009228115567054784
 
 
 
 , , ,Sn,Sp,precision,acc,f1_score,auc,fpr, , , ,Sn,Sp,precision,acc,f1_score,auc,fpr
original,forget,21,0.9985371267150929,0.9869191919191919,0.9872766009176193,0.9927316777710479,0.9928269851069882,0.9997876056774361,0.01308080808080811,unlearning,forget,21,0.0,1.0,0.0,0.4996971532404603,0.0,0.5,0.0
 
original,remain,1,1.0,0.9999346191565871,0.9999363948607048,0.9999677523379555,0.9999681903489519,1.0,6.538084341288299e-05,unlearning,remain,1,0.0,1.0,0.0,0.49322799097065456,0.0,0.5,0.0
original,remain,2,0.9991292517006802,0.9980555555555556,0.9977196532849327,0.9985490931832396,0.9984231700696947,0.9999925623582766,0.0019444444444444153,unlearning,remain,2,0.0,1.0,0.0,0.5403377110694184,0.0,0.5,0.0
original,remain,3,0.9997104806022005,0.9939898989898991,0.9943668065430248,0.996915408153193,0.9970124213791499,0.9999863282506595,0.006010101010100984,unlearning,remain,3,0.0,1.0,0.0,0.488599348534202,0.0,0.5,0.0
original,remain,5,0.9856344086021505,0.9982539682539683,0.9980726340003898,0.9921981424148607,0.9916389408007262,0.9998867383512545,0.0017460317460317397,unlearning,remain,5,0.0,1.0,0.0,0.5201238390092879,0.0,0.5,0.0
original,remain,6,0.984848484848485,0.8622812372812373,0.8710858716135331,0.9198759439050702,0.9223557690587272,0.9923387455347683,0.1377187627187627,unlearning,remain,6,0.0,1.0,0.0,0.5300970873786408,0.0,0.5,0.0
original,remain,8,0.9977728285077951,0.9995555555555555,0.9995530703939097,0.9986651835372635,0.9986610865123813,0.9999750061865875,0.0004444444444444251,unlearning,remain,8,0.0,1.0,0.0,0.5005561735261401,0.0,0.5,0.0
original,remain,9,0.9956637914869679,0.9916690675117641,0.9919144587289499,0.99369040277053,0.9937820839346561,0.9997558525562558,0.008330932488235882,unlearning,remain,9,0.0,1.0,0.0,0.4939987665449025,0.0,0.5,0.0
original,remain,10,0.9908801389693109,0.9951709401709401,0.9945268831327262,0.9931556522527423,0.9926944268107252,0.9997328379334748,0.004829059829059827,unlearning,remain,10,0.0,1.0,0.0,0.530323633396791,0.0,0.5,0.0
original,remain,13,0.989247311827957,0.9903968253968253,0.9916955497617354,0.9897928436911488,0.9902910657033214,0.999942003754907,0.009603174603174613,unlearning,remain,13,0.0,1.0,0.0,0.4745762711864407,0.0,0.5,0.0
original,remain,14,0.9804503835684236,0.9877777777777778,0.9931702001774756,0.9830710538865045,0.986324650920062,0.9980552668481399,0.012222222222222226,unlearning,remain,14,0.0,1.0,0.0,0.35765379113018597,0.0,0.5,0.0
original,remain,16,0.9719747587230883,0.862037037037037,0.8791237955046417,0.9169447534297368,0.9219758103061344,0.979453724325662,0.13796296296296298,unlearning,remain,16,0.0,1.0,0.0,0.5005561735261401,0.0,0.5,0.0
original,remain,17,0.9933184855233853,0.9936666666666666,0.9791978630375698,0.9935864545920984,0.9861871091230867,0.9995363771343727,0.006333333333333302,unlearning,remain,17,0.0,1.0,0.0,0.7696254489481785,0.0,0.5,0.0
original,remain,18,0.9959686981266304,0.9998148148148148,0.9998415605018977,0.9977399684448424,0.9978989370927241,0.9999964319904443,0.00018518518518519564,unlearning,remain,18,0.0,1.0,0.0,0.4605347319943713,0.0,0.5,0.0
original,remain,19,0.9999100921555405,0.9988,0.9987878724785658,0.9993518828919433,0.9993486149006895,0.9999994905222147,0.001200000000000016,unlearning,remain,19,0.0,1.0,0.0,0.5028494803888702,0.0,0.5,0.0
original,remain,20,1.0,0.9892401552967277,0.9877528781041534,0.9942063610571898,0.9938012049483229,0.9998333056107466,0.010759844703272315,unlearning,remain,20,0.0,1.0,0.0,0.538450052262207,0.0,0.5,0.0
original,remain,22,0.9643652561247216,0.9207946673637433,0.5926061432230099,0.9253713884664874,0.7330660910679412,0.983886264339727,0.07920533263625668,unlearning,remain,22,0.0,1.0,0.0,0.8949584746754007,0.0,0.5,0.0
original,remain,23,0.9980400890868598,0.9932729624838291,0.9930882022605034,0.9956178790534619,0.995556536291746,0.9999109131403119,0.006727037516170787,unlearning,remain,23,0.0,1.0,0.0,0.5081069237510956,0.0,0.5,0.0
 
 
 
 , , ,Sn,Sp,precision,acc,f1_score,auc,fpr, , , ,Sn,Sp,precision,acc,f1_score,auc,fpr
original,forget,22,0.9643652561247216,0.9207946673637433,0.5926061432230099,0.9253713884664874,0.7330660910679412,0.983886264339727,0.07920533263625668,unlearning,forget,22,0.0,1.0,0.0,0.8949584746754007,0.0,0.5,0.0
 
original,remain,1,1.0,0.9999346191565871,0.9999363948607048,0.9999677523379555,0.9999681903489519,1.0,6.538084341288299e-05,unlearning,remain,1,0.0,1.0,0.0,0.49322799097065456,0.0,0.5,0.0
original,remain,2,0.9991292517006802,0.9980555555555556,0.9977196532849327,0.9985490931832396,0.9984231700696947,0.9999925623582766,0.0019444444444444153,unlearning,remain,2,0.0,1.0,0.0,0.5403377110694184,0.0,0.5,0.0
original,remain,3,0.9997104806022005,0.9939898989898991,0.9943668065430248,0.996915408153193,0.9970124213791499,0.9999863282506595,0.006010101010100984,unlearning,remain,3,0.0,1.0,0.0,0.488599348534202,0.0,0.5,0.0
original,remain,5,0.9856344086021505,0.9982539682539683,0.9980726340003898,0.9921981424148607,0.9916389408007262,0.9998867383512545,0.0017460317460317397,unlearning,remain,5,0.0,1.0,0.0,0.5201238390092879,0.0,0.5,0.0
original,remain,6,0.984848484848485,0.8622812372812373,0.8710858716135331,0.9198759439050702,0.9223557690587272,0.9923387455347683,0.1377187627187627,unlearning,remain,6,0.0,1.0,0.0,0.5300970873786408,0.0,0.5,0.0
original,remain,8,0.9977728285077951,0.9995555555555555,0.9995530703939097,0.9986651835372635,0.9986610865123813,0.9999750061865875,0.0004444444444444251,unlearning,remain,8,0.0,1.0,0.0,0.5005561735261401,0.0,0.5,0.0
original,remain,9,0.9956637914869679,0.9916690675117641,0.9919144587289499,0.99369040277053,0.9937820839346561,0.9997558525562558,0.008330932488235882,unlearning,remain,9,0.0,1.0,0.0,0.4939987665449025,0.0,0.5,0.0
original,remain,10,0.9908801389693109,0.9951709401709401,0.9945268831327262,0.9931556522527423,0.9926944268107252,0.9997328379334748,0.004829059829059827,unlearning,remain,10,0.0,1.0,0.0,0.530323633396791,0.0,0.5,0.0
original,remain,13,0.989247311827957,0.9903968253968253,0.9916955497617354,0.9897928436911488,0.9902910657033214,0.999942003754907,0.009603174603174613,unlearning,remain,13,0.0,1.0,0.0,0.4745762711864407,0.0,0.5,0.0
original,remain,14,0.9804503835684236,0.9877777777777778,0.9931702001774756,0.9830710538865045,0.986324650920062,0.9980552668481399,0.012222222222222226,unlearning,remain,14,0.0,1.0,0.0,0.35765379113018597,0.0,0.5,0.0
original,remain,16,0.9719747587230883,0.862037037037037,0.8791237955046417,0.9169447534297368,0.9219758103061344,0.979453724325662,0.13796296296296298,unlearning,remain,16,0.0,1.0,0.0,0.5005561735261401,0.0,0.5,0.0
original,remain,17,0.9933184855233853,0.9936666666666666,0.9791978630375698,0.9935864545920984,0.9861871091230867,0.9995363771343727,0.006333333333333302,unlearning,remain,17,0.0,1.0,0.0,0.7696254489481785,0.0,0.5,0.0
original,remain,18,0.9959686981266304,0.9998148148148148,0.9998415605018977,0.9977399684448424,0.9978989370927241,0.9999964319904443,0.00018518518518519564,unlearning,remain,18,0.0,1.0,0.0,0.4605347319943713,0.0,0.5,0.0
original,remain,19,0.9999100921555405,0.9988,0.9987878724785658,0.9993518828919433,0.9993486149006895,0.9999994905222147,0.001200000000000016,unlearning,remain,19,0.0,1.0,0.0,0.5028494803888702,0.0,0.5,0.0
original,remain,20,1.0,0.9892401552967277,0.9877528781041534,0.9942063610571898,0.9938012049483229,0.9998333056107466,0.010759844703272315,unlearning,remain,20,0.0,1.0,0.0,0.538450052262207,0.0,0.5,0.0
original,remain,21,0.9985371267150929,0.9869191919191919,0.9872766009176193,0.9927316777710479,0.9928269851069882,0.9997876056774361,0.01308080808080811,unlearning,remain,21,0.0,1.0,0.0,0.4996971532404603,0.0,0.5,0.0
original,remain,23,0.9980400890868598,0.9932729624838291,0.9930882022605034,0.9956178790534619,0.995556536291746,0.9999109131403119,0.006727037516170787,unlearning,remain,23,0.0,1.0,0.0,0.5081069237510956,0.0,0.5,0.0
 
 
 
 , , ,Sn,Sp,precision,acc,f1_score,auc,fpr, , , ,Sn,Sp,precision,acc,f1_score,auc,fpr
original,forget,23,0.9980400890868598,0.9932729624838291,0.9930882022605034,0.9956178790534619,0.995556536291746,0.9999109131403119,0.006727037516170787,unlearning,forget,23,0.0019599109131403117,0.9998275118585598,0.5882352941176471,0.5089833479404031,0.0038968121170874794,0.6730016105936147,0.00017248814144026347
 
original,remain,1,1.0,0.9999346191565871,0.9999363948607048,0.9999677523379555,0.9999681903489519,1.0,6.538084341288299e-05,unlearning,remain,1,0.9998727330575884,0.9994769532526969,0.9994914701837099,0.999677523379555,0.9996819742846021,0.9999994757883378,0.0005230467473030322
original,remain,2,0.9991292517006802,0.9980555555555556,0.9977196532849327,0.9985490931832396,0.9984231700696947,0.9999925623582766,0.0019444444444444153,unlearning,remain,2,0.9940136054421768,0.9946296296296296,0.9937024486029881,0.9943464665415885,0.9938491046243184,0.9998323053665911,0.005370370370370359
original,remain,3,0.9997104806022005,0.9939898989898991,0.9943668065430248,0.996915408153193,0.9970124213791499,0.9999863282506595,0.006010101010100984,unlearning,remain,3,0.9990831885736343,0.9947979797979798,0.9950761888609487,0.9969894383575165,0.9970688326647635,0.9999797628865377,0.0052020202020201895
original,remain,5,0.9856344086021505,0.9982539682539683,0.9980726340003898,0.9921981424148607,0.9916389408007262,0.9998867383512545,0.0017460317460317397,unlearning,remain,5,0.9640430107526882,0.9991269841269841,0.9990015904649244,0.9822910216718267,0.9800602074098015,0.9997655572623314,0.0008730158730158699
original,remain,6,0.984848484848485,0.8622812372812373,0.8710858716135331,0.9198759439050702,0.9223557690587272,0.9923387455347683,0.1377187627187627,unlearning,remain,6,0.971131772268136,0.8815628815628815,0.8864818855020911,0.9236515641855448,0.9246874371716736,0.9902692793317792,0.11843711843711843
original,remain,8,0.9977728285077951,0.9995555555555555,0.9995530703939097,0.9986651835372635,0.9986610865123813,0.9999750061865875,0.0004444444444444251,unlearning,remain,8,0.9755011135857462,0.9993333333333334,0.9993042154580989,0.9874304783092324,0.9870567773366368,0.9998668646374659,0.0006666666666666377
original,remain,9,0.9956637914869679,0.9916690675117641,0.9919144587289499,0.99369040277053,0.9937820839346561,0.9997558525562558,0.008330932488235882,unlearning,remain,9,0.9943043315207201,0.991020839335446,0.9912761694667863,0.9926822904312349,0.9927826462197374,0.999618075200573,0.008979160664553926
original,remain,10,0.9908801389693109,0.9951709401709401,0.9945268831327262,0.9931556522527423,0.9926944268107252,0.9997328379334748,0.004829059829059827,unlearning,remain,10,0.9564273306311523,0.9981623931623931,0.9977405815146921,0.9785604206327622,0.9763872562151463,0.9990922082164121,0.0018376068376068273
original,remain,13,0.989247311827957,0.9903968253968253,0.9916955497617354,0.9897928436911488,0.9902910657033214,0.999942003754907,0.009603174603174613,unlearning,remain,13,0.9898924731182795,0.9842857142857143,0.9867283696950025,0.9872316384180791,0.9880494988186405,0.9999457586618877,0.015714285714285698
original,remain,14,0.9804503835684236,0.9877777777777778,0.9931702001774756,0.9830710538865045,0.986324650920062,0.9980552668481399,0.012222222222222226,unlearning,remain,14,0.9875030932937391,0.9686666666666666,0.9829339138703096,0.9807661738992212,0.9850300645808184,0.9966222882124885,0.031333333333333345
original,remain,16,0.9719747587230883,0.862037037037037,0.8791237955046417,0.9169447534297368,0.9219758103061344,0.979453724325662,0.13796296296296298,unlearning,remain,16,0.9129547141796586,0.8494444444444443,0.8601600280663941,0.8811642565813868,0.8832234877925614,0.9576468283428193,0.15055555555555558
original,remain,17,0.9933184855233853,0.9936666666666666,0.9791978630375698,0.9935864545920984,0.9861871091230867,0.9995363771343727,0.006333333333333302,unlearning,remain,17,0.9502598366740905,0.9935555555555555,0.9778023751334125,0.9835813237557721,0.9636243326538008,0.9981052957188815,0.006444444444444475
original,remain,18,0.9959686981266304,0.9998148148148148,0.9998415605018977,0.9977399684448424,0.9978989370927241,0.9999964319904443,0.00018518518518519564,unlearning,remain,18,0.9886965457276106,0.9996759259259259,0.9997205706321467,0.993752931644706,0.9941595052205484,0.9999789981468307,0.0003240740740740877
original,remain,19,0.9999100921555405,0.9988,0.9987878724785658,0.9993518828919433,0.9993486149006895,0.9999994905222147,0.001200000000000016,unlearning,remain,19,0.9998651382333108,0.999288888888889,0.999281270305694,0.9995753715498937,0.9995731028731348,0.9999992987188131,0.0007111111111110698
original,remain,20,1.0,0.9892401552967277,0.9877528781041534,0.9942063610571898,0.9938012049483229,0.9998333056107466,0.010759844703272315,unlearning,remain,20,1.0,0.9886300610094289,0.9871175547407791,0.9938778557563088,0.9934649500201382,0.9999435589664805,0.01136993899057126
original,remain,21,0.9985371267150929,0.9869191919191919,0.9872766009176193,0.9927316777710479,0.9928269851069882,0.9997876056774361,0.01308080808080811,unlearning,remain,21,0.9868341404358354,0.9878787878787878,0.9879372832301301,0.9873561477892185,0.987333297127774,0.9992785706133163,0.012121212121212116
original,remain,22,0.9643652561247216,0.9207946673637433,0.5926061432230099,0.9253713884664874,0.7330660910679412,0.983886264339727,0.07920533263625668,unlearning,remain,22,0.9075723830734967,0.9241929159586982,0.5947284282762116,0.922447069832729,0.7166074315198472,0.97105084593801,0.07580708404130176
 
 
 
