 ,Sn,Sp,precision,acc,f1_score,auc,fpr
1,0.9954820235443843,0.9990846681922196,0.999109149652108,0.9972589487262173,0.9972618310823934,0.9999715760787656,0.000915331807780346
2,0.9913469387755102,0.9720833333333334,0.9679605643215625,0.98093808630394,0.9795085837195637,0.9988257671957671,0.027916666666666663
3,0.9896738081451458,0.9514646464646465,0.9575630424764258,0.9710048366400157,0.9726782363831724,0.9988576120206115,0.04853535353535352
5,0.9723010752688171,0.971031746031746,0.9691548503066014,0.971640866873065,0.9702774121676203,0.9978355350742447,0.028968253968253976
6,0.85410927456382,0.7185083435083435,0.7524500307393155,0.7822276159654801,0.7933787414176903,0.895183572740391,0.28149165649165653
8,0.9828507795100222,0.9795555555555555,0.9796883922005565,0.9812013348164627,0.9812455582172358,0.995880227666419,0.020444444444444442
9,0.9796081005062816,0.9777441659464132,0.9783528357314364,0.9786873191327863,0.9789567070828717,0.997651557747352,0.02225583405358686
10,0.942144373673036,0.9135470085470084,0.9070221651858056,0.9269785150938264,0.9240510450305875,0.972279686873636,0.08645299145299146
13,0.9628673835125449,0.9406349206349206,0.9526248133744067,0.952316384180791,0.9557815598757734,0.9964348352961258,0.059365079365079364
14,0.6758228161346201,0.944888888888889,0.9569604351887545,0.7720553171196948,0.7806315627700182,0.940972531551596,0.05511111111111109
16,0.8530066815144766,0.5244444444444444,0.6586158196894123,0.6885428253615128,0.7360472330522366,0.7852717974098821,0.47555555555555556
17,0.8893838158871566,0.9438888888888889,0.8314044541074779,0.931332307166068,0.8582212026091763,0.969670873546152,0.05611111111111111
18,0.9830448185914157,0.9841203703703704,0.9865047808189974,0.9835401475416826,0.9846340827722148,0.9991536132409383,0.015879629629629632
19,0.9965835019105417,0.9707555555555555,0.971247438599487,0.9835959325064253,0.9837368498835349,0.9994445193676481,0.029244444444444444
20,0.9996764801035264,0.9848585690515808,0.982906055733066,0.9916977751231894,0.9911527618286273,0.9999629647772423,0.015141430948419288
21,0.9835048426150121,0.7547474747474747,0.8066845010842887,0.8691954371088229,0.8848292780831735,0.9610795250731692,0.24525252525252525
22,0.9420935412026725,0.7681348843288459,0.35376492383566704,0.7864077669902912,0.5063382376805323,0.9032429200485896,0.2318651156711541
23,0.9902895322939866,0.9472186287192755,0.948493225782339,0.9684049079754603,0.9687619428356499,0.9969645928713226,0.052781371280724444
 
 
 
test_th=-5
 ,Sn,Sp,precision,acc,f1_score,auc,fpr
1,1.0,1.0,1.0,1.0,1.0,1.0,0.0
3,0.6986103068905617,0.9987878787878788,0.998345055854365,0.8452768729641694,0.8220064724919095,0.9895586145180819,0.00121212121212122
5,0.9763440860215054,0.9503968253968254,0.9478079331941545,0.9628482972136223,0.961864406779661,0.9935453149001536,0.04960317460317465
6,0.48037190082644626,0.7454212454212454,0.6258411843876177,0.620873786407767,0.54354178842782,0.5710158686010959,0.25457875457875456
8,0.9788418708240535,0.9977777777777778,0.9977298524404086,0.9883203559510567,0.988195615514334,0.9993702053947042,0.0022222222222222365
10,0.8931673422119282,0.96,0.9518667078062326,0.9286102801196627,0.9215832710978341,0.985872975220109,0.040000000000000036
13,0.9109677419354839,1.0,1.0,0.9532203389830508,0.9534098582039162,0.9994762928827445,0.0
14,0.050482553823311065,0.8853333333333333,0.44155844155844154,0.3490701001430615,0.09060626249167222,0.41720168275179403,0.1146666666666667
16,0.732739420935412,0.7933333333333333,0.7796208530805687,0.7630700778642937,0.7554535017221584,0.8377171492204901,0.20666666666666667
18,0.9983400521697889,0.9966666666666667,0.9971577451444813,0.9975694000255853,0.9977485484062092,0.9999839274892631,0.0033333333333332993
20,0.9967648010352637,0.9961175818080976,0.9954765751211632,0.996416305808571,0.9961202715809894,0.9996440025099259,0.0038824181919023815
23,0.9933184855233853,0.9672272531263476,0.9670424978317432,0.9800613496932515,0.9800043946385409,0.9990282655817968,0.03277274687365239
 
 
 
test_th=-4
 ,Sn,Sp,precision,acc,f1_score,auc,fpr
1,1.0,1.0,1.0,1.0,1.0,1.0,0.0
3,0.9997104806022004,0.9957575757575757,0.9959619267378137,0.9977790938702991,0.9978326831382749,0.9999943850783457,0.00424242424242427
5,0.5195698924731182,0.9984126984126984,0.9966996699669967,0.7686274509803922,0.6830647441334465,0.9946550605905444,0.0015873015873015817
6,0.6415289256198347,0.8566849816849816,0.7987138263665595,0.7555825242718447,0.7115439702091091,0.8623792164275119,0.14331501831501836
8,0.9732739420935412,0.9988888888888889,0.9988571428571429,0.9860956618464961,0.9858996051889454,0.9997401633259094,0.0011111111111110628
10,0.697452229299363,0.8948717948717949,0.8545583540262505,0.802148490617351,0.7680535628885701,0.8954066262824225,0.10512820512820509
13,1.0,0.6123809523809524,0.7406817457789104,0.816045197740113,0.8510248901903367,0.999726472094214,0.38761904761904764
14,0.9955456570155902,0.9386666666666666,0.9668348954578226,0.9752026704816404,0.9809802487198244,0.9981954961643158,0.06133333333333335
16,0.9220489977728286,0.7655555555555555,0.7969201154956689,0.8437152391546162,0.8549303045947341,0.9263536253402622,0.23444444444444446
18,0.9938344794877876,0.9980555555555556,0.9983325393044307,0.995778431623385,0.996078431372549,0.9999187811240218,0.0019444444444444153
20,1.0,0.9944536882972823,0.9935711989713918,0.9970135881738091,0.9967752337955498,0.9999999102828906,0.005546311702717688
23,0.9273942093541203,0.9978438982319966,0.9976042165788213,0.9631901840490797,0.961218836565097,0.9992748967328094,0.0021561017680034045
 
 
 
test_th=-3
 ,Sn,Sp,precision,acc,f1_score,auc,fpr
1,1.0,1.0,1.0,1.0,1.0,1.0,0.0
3,1.0,0.9606060606060606,0.9637276785714286,0.9807521468759254,0.9815288434214265,0.9997973364215402,0.039393939393939426
5,0.9991397849462366,0.9984126984126984,0.9982810485603781,0.9987616099071207,0.9987102321582114,0.9999907834101383,0.0015873015873015817
6,0.7753099173553719,0.9739010989010989,0.9634146341463414,0.8805825242718447,0.859187178019462,0.9771670091272363,0.026098901098901117
8,0.9888641425389755,0.9988888888888889,0.9988751406074241,0.9938820912124583,0.9938444320089536,0.9999777282850779,0.0011111111111110628
10,0.9863925883034164,0.9792307692307692,0.9767775229357798,0.9825945063910797,0.9815615096513973,0.9982952875150328,0.020769230769230762
13,1.0,0.9995238095238095,0.9995700773860705,0.999774011299435,0.9997849924747366,1.0,0.0004761904761905189
14,0.9948032665181886,0.9933333333333333,0.9962825278810409,0.994277539341917,0.9955423476968797,0.9998960653303638,0.00666666666666671
16,0.576837416481069,0.9977777777777778,0.9961538461538462,0.7875417130144605,0.7306064880112835,0.965329126453848,0.0022222222222222365
18,0.9959686981266304,0.9997222222222222,0.9997619614377529,0.9976973263400282,0.9978617248752673,0.9999930835507074,0.0002777777777778212
20,0.9957942413458428,0.9988907376594565,0.9987021414665801,0.9974615499477378,0.9972460716021384,0.9999727259987443,0.0011092623405435376
23,1.0,0.9969814575247952,0.9968916518650088,0.9984662576687117,0.9984434067155882,1.0,0.003018542475204833
 
 
 
test_th=-2
 ,Sn,Sp,precision,acc,f1_score,auc,fpr
1,1.0,1.0,1.0,1.0,1.0,1.0,0.0
3,0.9852345107122177,1.0,1.0,0.9924489191590169,0.9925623450488552,0.9999968416065694,0.0
5,0.9991397849462366,0.9984126984126984,0.9982810485603781,0.9987616099071207,0.9987102321582114,0.9999938556067588,0.0015873015873015817
6,0.7768595041322314,0.9652014652014652,0.9518987341772152,0.8766990291262136,0.8555176336746303,0.9681558971331697,0.034798534798534786
8,1.0,1.0,1.0,1.0,1.0,1.0,0.0
10,0.9962362478286045,0.9992307692307693,0.9991289198606271,0.997824313298885,0.9976804870977094,0.9999686725164432,0.0007692307692307443
13,0.8946236559139785,1.0,1.0,0.9446327683615819,0.9443813847900114,0.9999895545314901,0.0
14,0.9970304380103935,1.0,1.0,0.9980925131139723,0.9985130111524164,0.9999960405840139,0.0
16,0.5935412026726058,0.9633333333333334,0.941696113074205,0.778642936596218,0.7281420765027322,0.9294370205394705,0.036666666666666625
18,0.9990514583827366,0.9994444444444445,0.9995255041518387,0.9992324421133427,0.9992884250474384,0.9999982214844676,0.0005555555555555314
20,1.0,1.0,1.0,1.0,1.0,1.0,0.0
23,0.9942093541202672,0.9991375592927986,0.999104744852283,0.9967134092900964,0.9966510381781648,0.9999900118225447,0.0008624407072014284
 
 
 
test_th=-1
 ,Sn,Sp,precision,acc,f1_score,auc,fpr
1,1.0,1.0,1.0,1.0,1.0,1.0,0.0
3,1.0,1.0,1.0,1.0,1.0,1.0,0.0
5,1.0,0.9984126984126984,0.9982825246887076,0.9991744066047472,0.9991405242801891,1.0,0.0015873015873015817
6,0.9147727272727273,0.9720695970695971,0.9667030567685589,0.9451456310679611,0.9400212314225054,0.9889371991644719,0.027930402930402942
8,0.9977728285077951,0.9933333333333333,0.9933481152993349,0.9955506117908788,0.9955555555555555,0.9999158624102944,0.00666666666666671
10,0.973364215402432,0.9976923076923077,0.9973301690892911,0.9862659776992113,0.9852014652014652,0.9996177601591614,0.002307692307692344
13,0.9965591397849463,0.9723809523809523,0.9755789473684211,0.9850847457627119,0.9859574468085106,0.9996725038402458,0.027619047619047654
14,1.0,1.0,1.0,1.0,1.0,1.0,0.0
16,0.9844097995545658,0.91,0.9160621761658031,0.9471635150166852,0.9490069779924852,0.9913746597376887,0.08999999999999997
18,1.0,1.0,1.0,1.0,1.0,0.9999999999999999,0.0
20,1.0,1.0,1.0,1.0,1.0,1.0,0.0
23,1.0,0.9965502371711945,0.9964491788726143,0.9982471516213848,0.9982214317474434,1.0,0.0034497628288054916
 
 
 
test_th=-5
 ,Sn,Sp,precision,acc,f1_score,auc,fpr
1,1.0,1.0,1.0,1.0,1.0,1.0,0.0
3,0.2142443543717429,0.9951515151515151,0.9788359788359788,0.595795084394433,0.3515439429928741,0.9545607639802774,0.00484848484848488
5,0.9913978494623656,0.9261904761904762,0.9253311922922521,0.9574819401444788,0.9572259136212625,0.9961455026455027,0.07380952380952377
6,0.1337809917355372,0.6529304029304029,0.25467059980334317,0.40898058252427183,0.1754148323738571,0.23073730247025703,0.34706959706959706
8,0.9732739420935412,0.9877777777777778,0.9875706214689266,0.9805339265850945,0.9803701626472238,0.9955753526354862,0.012222222222222245
10,0.7452229299363057,0.9148717948717948,0.8857536132140399,0.8351917323905358,0.8094339622641509,0.918497988211364,0.08512820512820518
13,0.8627956989247312,0.9952380952380953,0.9950396825396826,0.9256497175141243,0.9242110112877218,0.9976814132104455,0.004761904761904745
14,0.047512991833704527,0.912,0.49230769230769234,0.3567000476871722,0.08666215301286391,0.4386498391487255,0.08799999999999997
16,0.7750556792873051,0.7277777777777777,0.7396386822529224,0.7513904338153504,0.7569331158238173,0.821946300420688,0.27222222222222225
18,0.9995257291913683,0.9936111111111111,0.9945729117508258,0.996801842138928,0.9970431697220579,0.9999690735910205,0.006388888888888888
20,0.9938531219670009,0.9958402662229617,0.9951409135082604,0.9949230998954756,0.9944966008416963,0.9998363559924659,0.004159733777038266
23,0.9933184855233853,0.9810263044415697,0.980650835532102,0.9870727432077125,0.9869440141624253,0.9993791003149158,0.018973695558430315
 
 
 
test_th=-4
 ,Sn,Sp,precision,acc,f1_score,auc,fpr
1,1.0,1.0,1.0,1.0,1.0,1.0,0.0
3,1.0,0.9972727272727273,0.9974010973144672,0.9986674563221795,0.998698857886367,0.9999992981347933,0.0027272727272726893
5,0.6460215053763441,0.9956349206349207,0.992729676140119,0.8278637770897833,0.7826993225638353,0.9933888035500938,0.00436507936507935
6,0.6611570247933884,0.8690476190476191,0.8173690932311622,0.7713592233009708,0.7310108509423188,0.8748204920079918,0.13095238095238093
8,0.9198218262806236,0.9988888888888889,0.9987908101571947,0.9593993325917687,0.9576811594202899,0.9997228408809701,0.0011111111111110628
10,0.32976259409380426,0.9497435897435897,0.853183520599251,0.6585531683437585,0.4756734182501565,0.7851273142992888,0.050256410256410255
13,0.9987096774193548,0.7285714285714285,0.8029045643153527,0.8705084745762712,0.890166762507188,0.9990882744495648,0.27142857142857146
14,0.9977728285077951,0.7426666666666667,0.874430709173715,0.9065331425846447,0.9320388349514563,0.9836015837663944,0.2573333333333333
16,0.799554565701559,0.7688888888888888,0.775377969762419,0.7842046718576196,0.787280701754386,0.8607386785449145,0.23111111111111116
18,0.9672753142044107,0.9986111111111111,0.9987757100881489,0.981706537034668,0.9827731598602577,0.9998421732142386,0.001388888888888884
20,1.0,0.9168053244592346,0.9115305219699203,0.9552038226071375,0.9537179882752237,0.9993067110371603,0.08319467554076543
23,0.8503340757238307,0.9918068132815869,0.9901452282157677,0.9222173531989483,0.9149293074526719,0.9946437437994066,0.00819318671841307
 
 
 
test_th=-5
 ,Sn,Sp,precision,acc,f1_score,auc,fpr
1,1.0,0.0,0.5067720090293454,0.5067720090293454,0.6726591760299625,0.5,1.0
3,1.0,0.0,0.511400651465798,0.511400651465798,0.6767241379310345,0.5,1.0
5,1.0,0.0,0.47987616099071206,0.47987616099071206,0.6485355648535565,0.5,1.0
6,1.0,0.0,0.46990291262135925,0.46990291262135925,0.6393659180977543,0.5,1.0
8,1.0,0.0,0.4994438264738598,0.4994438264738598,0.6661721068249258,0.5,1.0
10,1.0,0.0,0.46967636660320916,0.46967636660320916,0.6391561806069579,0.5,1.0
13,1.0,0.0,0.5254237288135594,0.5254237288135594,0.688888888888889,0.5,1.0
14,1.0,0.0,0.642346208869814,0.642346208869814,0.7822299651567944,0.5,1.0
16,1.0,0.0,0.4994438264738598,0.4994438264738598,0.6661721068249258,0.5,1.0
18,1.0,0.0,0.5394652680056288,0.5394652680056288,0.7008475984709989,0.5,1.0
20,1.0,0.0,0.46154994773779306,0.46154994773779306,0.6315897016755211,0.5,1.0
23,1.0,0.0,0.4918930762489045,0.4918930762489045,0.6594213540901748,0.5,1.0
 
 
 
test_th=-4
 ,Sn,Sp,precision,acc,f1_score,auc,fpr
1,1.0,0.0,0.5067720090293454,0.5067720090293454,0.6726591760299625,0.5040889237716155,1.0
3,1.0,0.0,0.511400651465798,0.511400651465798,0.6767241379310345,0.5134481760277938,1.0
5,1.0,0.0,0.47987616099071206,0.47987616099071206,0.6485355648535565,0.5146287762416795,1.0
6,1.0,0.0,0.46990291262135925,0.46990291262135925,0.6393659180977543,0.49187365664638394,1.0
8,1.0,0.0,0.4994438264738598,0.4994438264738598,0.6661721068249258,0.5420984904726553,1.0
10,1.0,0.0,0.46967636660320916,0.46967636660320916,0.6391561806069579,0.4990190488916604,1.0
13,1.0,0.0,0.5254237288135594,0.5254237288135594,0.688888888888889,0.5246006144393242,1.0
14,1.0,0.0,0.642346208869814,0.642346208869814,0.7822299651567944,0.5146458797327395,1.0
16,1.0,0.0,0.4994438264738598,0.4994438264738598,0.6661721068249258,0.4654145013610493,1.0
18,1.0,0.0,0.5394652680056288,0.5394652680056288,0.7008475984709989,0.5041522409295708,1.0
20,1.0,0.0,0.46154994773779306,0.46154994773779306,0.6315897016755211,0.5187213140757353,1.0
23,1.0,0.0,0.4918930762489045,0.4918930762489045,0.6594213540901748,0.4884876650810436,1.0
 
 
 
test_th=-3
 ,Sn,Sp,precision,acc,f1_score,auc,fpr
1,1.0,0.0,0.5067720090293454,0.5067720090293454,0.6726591760299625,0.42880777522386393,1.0
3,1.0,0.0,0.511400651465798,0.511400651465798,0.6767241379310345,0.40364702321419177,1.0
5,1.0,0.0,0.47987616099071206,0.47987616099071206,0.6485355648535565,0.5038733572281959,1.0
6,1.0,0.0,0.46990291262135925,0.46990291262135925,0.6393659180977543,0.5317078754578755,1.0
8,1.0,0.0,0.4994438264738598,0.4994438264738598,0.6661721068249258,0.5087255629794605,1.0
10,1.0,0.0,0.46967636660320916,0.46967636660320916,0.6391561806069579,0.5122674565349724,1.0
13,1.0,0.0,0.5254237288135594,0.5254237288135594,0.688888888888889,0.4307730670762929,1.0
14,1.0,0.0,0.642346208869814,0.642346208869814,0.7822299651567944,0.517478841870824,1.0
16,1.0,0.0,0.4994438264738598,0.4994438264738598,0.6661721068249258,0.5795471417965851,1.0
18,1.0,0.0,0.5394652680056288,0.5394652680056288,0.7008475984709989,0.5450963362580034,1.0
20,1.0,0.0,0.46154994773779306,0.46154994773779306,0.6315897016755211,0.41873500490662874,1.0
23,1.0,0.0,0.4918930762489045,0.4918930762489045,0.6594213540901748,0.5237685009378322,1.0
 
 
 
test_th=-2
 ,Sn,Sp,precision,acc,f1_score,auc,fpr
1,1.0,0.0,0.5067720090293454,0.5067720090293454,0.6726591760299625,0.5040430552511812,1.0
3,1.0,0.0,0.511400651465798,0.511400651465798,0.6767241379310345,0.4892655857942483,1.0
5,1.0,0.0,0.47987616099071206,0.47987616099071206,0.6485355648535565,0.45492831541218637,1.0
6,1.0,0.0,0.46990291262135925,0.46990291262135925,0.6393659180977543,0.45603354978354976,1.0
8,1.0,0.0,0.4994438264738598,0.4994438264738598,0.6661721068249258,0.4014093046275675,1.0
10,1.0,0.0,0.46967636660320916,0.46967636660320916,0.6391561806069579,0.5127390019746708,1.0
13,1.0,0.0,0.5254237288135594,0.5254237288135594,0.688888888888889,0.5306835637480799,1.0
14,1.0,0.0,0.642346208869814,0.642346208869814,0.7822299651567944,0.4996273199703043,1.0
16,1.0,0.0,0.4994438264738598,0.4994438264738598,0.6661721068249258,0.4982776540460282,1.0
18,1.0,0.0,0.5394652680056288,0.5394652680056288,0.7008475984709989,0.3807286314652334,1.0
20,1.0,0.0,0.46154994773779306,0.46154994773779306,0.6315897016755211,0.5213454946669459,1.0
23,1.0,0.0,0.4918930762489045,0.4918930762489045,0.6594213540901748,0.47205500028331854,1.0
 
 
 
test_th=-1
 ,Sn,Sp,precision,acc,f1_score,auc,fpr
1,0.0,1.0,0.0,0.4932279909706546,0.0,0.4716612049150668,0.0
3,0.0,1.0,0.0,0.48859934853420195,0.0,0.520299784176449,0.0
5,0.0,1.0,0.0,0.5201238390092879,0.0,0.37036456733230927,0.0
6,0.0,1.0,0.0,0.5300970873786408,0.0,0.5711504404686223,0.0
8,0.0,1.0,0.0,0.5005561735261401,0.0,0.3567421430339025,0.0
10,0.0,1.0,0.0,0.5303236333967909,0.0,0.47595559960209644,0.0
13,0.0,1.0,0.0,0.4745762711864407,0.0,0.3994260112647209,0.0
14,0.0,1.0,0.0,0.35765379113018597,0.0,0.47629992576095026,0.0
16,0.0,1.0,0.0,0.5005561735261401,0.0,0.4877406582529077,0.0
18,0.0,1.0,0.0,0.4605347319943712,0.0,0.5785216583669275,0.0
20,0.0,1.0,0.0,0.538450052262207,0.0,0.4383585142344269,0.0
23,0.0,1.0,0.0,0.5081069237510956,0.0,0.5226748915466405,0.0
 
 
 
test_th=-5
 ,Sn,Sp,precision,acc,f1_score,auc,fpr
1,1.0,0.9990846681922196,0.9991099243435692,0.999548532731377,0.9995547640249333,1.0,0.0009153318077803618
3,0.4536768963520556,0.9857575757575757,0.9708798017348204,0.7136511696772283,0.6183898973954223,0.9744563176641926,0.014242424242424279
5,0.9944086021505376,0.8841269841269841,0.8878648233486943,0.9370485036119711,0.938121322783526,0.9966087216248507,0.1158730158730159
6,0.4684917355371901,0.3415750915750916,0.38678038379530916,0.40121359223300973,0.423732772716655,0.4349724612508703,0.6584249084249084
8,0.9977728285077951,0.9588888888888889,0.9603429796355841,0.9783092324805339,0.9787001638448936,0.9972766641920316,0.0411111111111111
10,0.9047481181239143,0.9266666666666666,0.9161536206391088,0.9163720424258907,0.9104151493080845,0.9786051475064214,0.07333333333333336
13,0.9144086021505377,0.9933333333333333,0.9934579439252337,0.951864406779661,0.9522956326987683,0.9986021505376345,0.00666666666666671
14,0.22420193021529325,0.756,0.622680412371134,0.4144015259895088,0.32969432314410485,0.5300876020786933,0.244
16,0.7416481069042317,0.58,0.6379310344827587,0.660734149054505,0.6858908341915552,0.7402759218015342,0.42000000000000004
18,0.9992885937870524,0.9930555555555556,0.9941023826374145,0.9964180631955993,0.9966887417218543,0.999973058783232,0.00694444444444442
20,0.9996764801035264,0.9811425402107599,0.9784673844205193,0.9896968791996417,0.9889582333173308,0.9999691373143685,0.01885745978924014
23,0.9906458797327394,0.9241052177662785,0.9266666666666666,0.9568361086765995,0.9575888051668461,0.9950436550582915,0.07589478223372148
 
 
 
test_th=-4
 ,Sn,Sp,precision,acc,f1_score,auc,fpr
1,1.0,1.0,1.0,1.0,1.0,1.0,0.0
3,1.0,0.9939393939393939,0.9942429476108232,0.9970387918270655,0.9971131639722863,0.9998840167745785,0.0060606060606061
5,0.3053763440860215,0.996031746031746,0.9861111111111112,0.6646026831785345,0.4663382594417077,0.9712075439494794,0.003968253968253954
6,0.5702479338842975,0.8168498168498168,0.7340425531914894,0.7009708737864078,0.6418604651162791,0.7874025832122424,0.18315018315018317
8,0.7048997772828508,0.9988888888888889,0.998422712933754,0.8520578420467185,0.8263707571801567,0.9986414253897551,0.0011111111111110628
10,0.4568616097278518,0.9438461538461539,0.8781302170283807,0.7151210225727496,0.6010283755475149,0.809023651507728,0.05615384615384611
13,0.9974193548387097,0.66,0.7645895153313551,0.8372881355932204,0.8656215005599105,0.9963896569380439,0.33999999999999997
14,0.9977728285077951,0.5426666666666666,0.7966804979253111,0.8350023843586075,0.8859591298615689,0.966445434298441,0.45733333333333337
16,0.8084632516703786,0.7066666666666667,0.7333333333333333,0.7575083426028921,0.7690677966101694,0.837728285077951,0.29333333333333333
18,0.9753379179511501,0.9986111111111111,0.9987858183584264,0.986056031725726,0.9869226154769045,0.9997682660132269,0.001388888888888884
20,1.0,0.944814198557959,0.9395136778115502,0.9702852023294012,0.9688136655696599,0.9980382456859976,0.055185801442040994
23,0.7915367483296214,0.9961190168175937,0.9949608062709966,0.8954864154250657,0.8816670801290002,0.9953460855468191,0.0038809831824062613
 
 
 
test_th=-3
 ,Sn,Sp,precision,acc,f1_score,auc,fpr
1,1.0,0.9894736842105263,0.9898589065255732,0.9948081264108353,0.9949036117881676,0.9999776773200553,0.010526315789473717
3,0.9997104806022004,0.9112121212121213,0.9217832354511479,0.9564702398578621,0.9591666666666667,0.9989938762260708,0.08878787878787875
5,0.9862365591397849,0.9853174603174604,0.9841201716738197,0.9857585139318885,0.9851772287862514,0.9993072196620583,0.01468253968253963
6,0.7086776859504132,0.9862637362637363,0.978601997146933,0.8558252427184466,0.8220491312162972,0.9763054180667817,0.013736263736263687
8,0.977728285077951,0.9988888888888889,0.9988623435722411,0.9883203559510567,0.988182329769274,0.9998243009156149,0.0011111111111110628
10,0.9339895773016792,0.9523076923076923,0.9454865181711606,0.9437041066086483,0.9397028837751238,0.9839948851573055,0.0476923076923077
13,1.0,1.0,1.0,1.0,1.0,1.0,0.0
14,0.9903489235337788,0.9986666666666667,0.9992509363295881,0.9933237958989032,0.9947800149142432,0.9996703786191536,0.0013333333333332975
16,0.5501113585746102,0.9955555555555555,0.9919678714859438,0.7730812013348165,0.7077363896848138,0.9846832467211086,0.004444444444444473
18,0.9966801043395779,0.9994444444444445,0.9995243757431629,0.9979531789689139,0.9981002137259558,0.9999174637051089,0.0005555555555555314
20,1.0,1.0,1.0,1.0,1.0,1.0,0.0
23,1.0,0.9883570504527813,0.9881161971830986,0.9940841367221736,0.9940225813593093,0.9999955821522795,0.011642949547218673
 
 
 
test_th=-2
 ,Sn,Sp,precision,acc,f1_score,auc,fpr
1,0.998218262806236,1.0,1.0,0.9990970654627539,0.9991083370485957,0.9999995922798184,0.0
3,0.8737695425593515,1.0,1.0,0.9354456618300266,0.9326328800988876,0.9998197083750067,0.0
5,0.946236559139785,0.9948412698412699,0.9941256213285133,0.9715170278637771,0.9695901278096077,0.9990409626216077,0.00515873015873014
6,0.7582644628099173,0.9702380952380952,0.9575994781474233,0.8706310679611651,0.8463534159700201,0.9785214785214785,0.029761904761904767
8,0.9465478841870824,1.0,1.0,0.9733036707452726,0.9725400457665903,1.0,0.0
10,0.9947886508396062,0.9964102564102564,0.9959420289855072,0.9956486265977699,0.9953650057937428,0.9999250218995442,0.0035897435897436214
13,0.5716129032258065,1.0,1.0,0.7749152542372881,0.7274220032840722,0.9999963133640553,0.0
14,0.9049740163325909,1.0,1.0,0.938960419647115,0.9501169134840217,1.0,0.0
16,0.5256124721603563,0.9244444444444444,0.8740740740740741,0.7252502780867631,0.6564673157162725,0.8920106409304628,0.0755555555555556
18,1.0,1.0,1.0,1.0,1.0,1.0,0.0
20,1.0,0.9977814753189129,0.9974185221039045,0.9988054352695237,0.9987075928917609,1.0,0.002218524681087075
23,0.9968819599109131,0.9995687796463993,0.9995533720410897,0.9982471516213848,0.9982158786797503,0.9999951979916081,0.0004312203536006587
 
 
 
test_th=-1
 ,Sn,Sp,precision,acc,f1_score,auc,fpr
1,1.0,1.0,1.0,1.0,1.0,1.0,0.0
3,1.0,0.9863636363636363,0.9871391826236068,0.9933372816108973,0.9935279735366028,0.9980052552157357,0.013636363636363669
5,0.9991397849462366,0.9940476190476191,0.9935842600513259,0.9964912280701754,0.9963542783615699,0.9999826762246118,0.005952380952380931
6,0.9664256198347108,0.9739010989010989,0.9704356846473029,0.9703883495145631,0.9684265010351966,0.995611396179578,0.026098901098901117
8,0.9977728285077951,0.9977777777777778,0.9977728285077951,0.9977753058954394,0.9977728285077951,0.9999752536500865,0.0022222222222222365
10,0.8572669368847713,0.9992307692307693,0.9989878542510121,0.9325537122654338,0.9227173574322218,0.9979761109378944,0.0007692307692307443
13,0.9995698924731182,0.7542857142857143,0.8183098591549296,0.8831638418079096,0.8999031945788963,0.9983442908346133,0.24571428571428566
14,0.9955456570155902,1.0,1.0,0.9971387696709585,0.9977678571428571,1.0,0.0
16,0.9476614699331849,0.9422222222222222,0.9424141749723145,0.9449388209121246,0.9450305385896723,0.9887614451868351,0.05777777777777782
18,1.0,0.9991666666666666,0.9992890995260664,0.9996162210566714,0.9996444233732369,1.0,0.0008333333333333526
20,1.0,0.9963948973932335,0.9958118556701031,0.998058832312976,0.9979015334947539,1.0,0.003605102606766497
23,1.0,0.9987063389391979,0.9986654804270463,0.9993426818580193,0.9993322946806144,1.0,0.001293661060802087
 
 
 
test_th=-5
 ,Sn,Sp,precision,acc,f1_score,auc,fpr
1,0.9968819599109131,1.0,1.0,0.9984198645598195,0.9984385456167745,0.9999969420986377,0.0
3,0.23595830920671684,0.9936363636363637,0.9748803827751196,0.6061593129997038,0.37995337995337997,0.936348809461143,0.006363636363636349
5,0.753978494623656,0.9535714285714286,0.9374331550802139,0.8577915376676987,0.8357568533969011,0.9614021164021164,0.046428571428571375
6,0.4214876033057851,0.6277472527472527,0.5009208103130756,0.5308252427184466,0.4577840112201964,0.4502680085066449,0.37225274725274726
8,0.977728285077951,0.9977777777777778,0.9977272727272727,0.9877641824249166,0.9876265466816648,0.9996782974511259,0.0022222222222222365
10,0.6679212507237985,0.9192307692307692,0.879862700228833,0.8011966276856133,0.7593811718235681,0.9096520570724391,0.08076923076923082
13,0.8047311827956989,0.9990476190476191,0.99893219434063,0.8969491525423728,0.8913768461171986,0.9991176651305683,0.0009523809523809268
14,0.07423904974016332,0.5,0.21052631578947367,0.22651406771578445,0.1097694840834248,0.16859787181390745,0.5
16,0.5289532293986637,0.8622222222222222,0.7929883138564274,0.6957730812013349,0.6346025384101537,0.7824610244988863,0.13777777777777778
18,0.9883803651885227,0.9969444444444444,0.9973677913376405,0.9923244211334271,0.9928537398761316,0.9991942007219455,0.003055555555555589
20,0.958589453251375,0.9922351636161952,0.9906385824139083,0.9767059877557115,0.974350542584676,0.9979657542616076,0.007764836383804763
23,0.9804008908685968,0.9780077619663649,0.9773534635879219,0.9791849255039439,0.9788748054258394,0.9975088140864034,0.021992238033635148
 
 
 
test_th=-4
 ,Sn,Sp,precision,acc,f1_score,auc,fpr
1,1.0,1.0,1.0,1.0,1.0,1.0,0.0
3,1.0,0.9936363636363637,0.9939568345323742,0.9968907314184187,0.9969692596334248,0.9999945605446474,0.006363636363636349
5,0.6705376344086021,0.9821428571428571,0.9719451371571073,0.8326109391124871,0.7935861542377195,0.9742085680150195,0.017857142857142905
6,0.71900826446281,0.8310439560439561,0.7904599659284497,0.7783980582524271,0.753043007844198,0.8666158651954107,0.1689560439560439
8,0.9175946547884187,0.9966666666666667,0.9963724304715841,0.957174638487208,0.9553623188405798,0.9987305122494432,0.0033333333333332993
10,0.6635784597568037,0.9317948717948717,0.8960125097732604,0.8058199619254828,0.7624750499001995,0.9006856042047124,0.06820512820512825
13,0.9995698924731182,0.6228571428571429,0.7458279845956355,0.8207909604519774,0.8542547325859217,0.9786649257552482,0.3771428571428571
14,0.7899034892353378,0.7906666666666666,0.8714168714168714,0.7901764425369575,0.8286604361370716,0.8725978718139074,0.20933333333333337
16,0.7338530066815144,0.8033333333333333,0.7882775119617225,0.7686318131256952,0.7600922722029987,0.8592439990101459,0.19666666666666666
18,0.9566042210101968,0.9983333333333333,0.9985148514851485,0.9758219265702955,0.9771103306285576,0.9993558480225542,0.0016666666666667052
20,1.0,0.9889073765945646,0.9872245289045034,0.9940271763476184,0.9935711989713919,0.9999973084867182,0.011092623405435376
23,0.955011135857461,0.9909443725743855,0.9903002309468822,0.9732690622261174,0.9723356009070295,0.9980411647367396,0.009055627425614499
 
 
 
test_th=-3
 ,Sn,Sp,precision,acc,f1_score,auc,fpr
1,1.0,1.0,1.0,1.0,1.0,1.0,0.0
3,1.0,0.9251515151515152,0.9332612807349365,0.9634290790642582,0.9654786862334033,0.9999713112596725,0.07484848484848483
5,0.9935483870967742,0.9968253968253968,0.996548748921484,0.9952528379772961,0.9950463062674995,0.9998824031404676,0.0031746031746031633
6,0.8610537190082644,0.9638278388278388,0.95475372279496,0.9155339805825242,0.9054861488321564,0.9822374595101867,0.036172161172161155
8,0.89086859688196,1.0,1.0,0.9454949944382648,0.9422850412249705,0.9999208116802772,0.0
10,0.9910248986682108,0.9571794871794872,0.9534818941504178,0.9730758770737014,0.9718909710391823,0.9979770017668107,0.0428205128205128
13,1.0,1.0,1.0,1.0,1.0,1.0,0.0
14,0.9888641425389755,0.8426666666666667,0.9186206896551724,0.9365760610395804,0.9524490525563102,0.9915525859935659,0.15733333333333333
16,0.8608017817371938,0.9722222222222222,0.968671679197995,0.9165739710789766,0.9115566037735849,0.9846919079435784,0.02777777777777779
18,0.9857718757410482,0.8772222222222222,0.9038921504674929,0.9357809901496738,0.9430580762250454,0.9744697059520987,0.12277777777777776
20,1.0,1.0,1.0,1.0,1.0,1.0,0.0
23,1.0,0.9961190168175937,0.9960070984915705,0.9980280455740579,0.9979995554567682,0.9999973108753004,0.0038809831824062613
 
 
 
test_th=-2
 ,Sn,Sp,precision,acc,f1_score,auc,fpr
1,0.9977728285077951,1.0,1.0,0.9988713318284425,0.9988851727982163,0.9999971459587286,0.0
3,0.9794441227562247,0.9966666666666667,0.9967589864466706,0.9878590464909683,0.9880257009345795,0.9997776841957502,0.0033333333333332993
5,0.9956989247311828,0.9964285714285714,0.9961273666092944,0.996078431372549,0.99591309959131,0.9999117596859532,0.0035714285714285587
6,0.8166322314049587,0.9409340659340659,0.9245614035087719,0.8825242718446602,0.8672517827756445,0.9645513104319923,0.05906593406593408
8,0.9287305122494433,1.0,1.0,0.96440489432703,0.9630484988452657,0.999985152190052,0.0
10,0.9959467284308049,0.9958974358974358,0.9953703703703703,0.9959205874354093,0.995658465991317,0.9999285852152094,0.004102564102564155
13,0.7587096774193548,0.9995238095238095,0.9994334277620397,0.8729943502824858,0.8625916870415647,0.99981095750128,0.0004761904761905189
14,0.9532293986636972,1.0,1.0,0.9699570815450643,0.9760547320410491,0.9998376639445681,0.0
16,0.3619153674832962,0.9311111111111111,0.8397932816537468,0.6468298109010011,0.5058365758754864,0.8062521653056174,0.06888888888888889
18,1.0,0.9991666666666666,0.9992890995260664,0.9996162210566714,0.9996444233732369,0.9999988801939241,0.0008333333333333526
20,1.0,0.9988907376594565,0.9987075928917609,0.9994027176347619,0.9993533785968315,0.9999999102828906,0.0011092623405435376
23,0.9946547884187082,1.0,1.0,0.9973707274320771,0.9973202322465387,0.9999942375899297,0.0
 
 
 
test_th=-1
 ,Sn,Sp,precision,acc,f1_score,auc,fpr
1,1.0,1.0,1.0,1.0,1.0,1.0,0.0
3,1.0,0.9984848484848485,0.9985544955189362,0.9992596979567664,0.9992767250108492,0.9999999122668491,0.0015151515151514694
5,1.0,0.9968253968253968,0.9965709387055294,0.9983488132094943,0.9982825246887076,0.9999957330602491,0.0031746031746031633
6,0.9183884297520661,0.913003663003663,0.9034552845528455,0.9155339805825242,0.910860655737705,0.9751840252550479,0.08699633699633702
8,1.0,0.9955555555555555,0.9955654101995566,0.9977753058954394,0.9977777777777778,0.9999703043801039,0.004444444444444473
10,0.9284887087434858,0.9484615384615385,0.9410211267605634,0.9390807723687788,0.9347129116875547,0.987222395438956,0.05153846153846153
13,0.9634408602150538,0.9557142857142857,0.9601371624517788,0.9597740112994351,0.9617861743237441,0.9930007168458782,0.04428571428571426
14,0.8611729769858946,1.0,1.0,0.910824988078207,0.9254088552054247,0.9991388270230142,0.0
16,0.910913140311804,0.9666666666666667,0.964622641509434,0.9388209121245829,0.9369988545246277,0.9882900272209849,0.033333333333333326
18,0.9997628645956841,0.9994444444444445,0.9995258416311048,0.9996162210566714,0.9996443390634261,0.9999996706452718,0.0005555555555555314
20,0.9996764801035264,0.9997226844148641,0.9996764801035264,0.9997013588173809,0.9996764801035264,0.9999996411315625,0.0002773155851358844
23,1.0,0.9995687796463993,0.9995547640249333,0.9997808939526731,0.9997773324426631,1.0,0.0004312203536006587
 
 
 
test_th=-5
 ,Sn,Sp,precision,acc,f1_score,auc,fpr
1,1.0,0.9986270022883296,0.9986654804270463,0.9993227990970655,0.9993322946806144,1.0,0.0013729977116704317
3,0.5923566878980892,0.9845454545454545,0.9756795422031473,0.7839798637844241,0.7371644748693928,0.981362057166921,0.015454545454545499
5,0.9475268817204301,0.8944444444444445,0.8922640745240988,0.9199174406604748,0.9190654985398414,0.9797431302270012,0.10555555555555551
6,0.35020661157024796,0.4880952380952381,0.3775055679287305,0.42330097087378643,0.36334405144694537,0.3514993529198075,0.5119047619047619
8,0.9665924276169265,0.9722222222222222,0.9720044792833147,0.9694104560622915,0.9692908989391402,0.9963301163078446,0.02777777777777779
10,0.8118123914302259,0.9364102564102564,0.9187418086500655,0.8778895838999184,0.8619735628650477,0.9523490416165574,0.06358974358974356
13,0.8043010752688172,0.9995238095238095,0.9994655264564404,0.8969491525423728,0.8913250714966635,0.999126676907322,0.0004761904761905189
14,0.09205642167780252,0.7093333333333334,0.36257309941520466,0.312827849308536,0.14683244523386618,0.3513516456322693,0.29066666666666663
16,0.6458797327394209,0.6211111111111111,0.6297502714440825,0.6334816462736373,0.6377130291368883,0.6820687948527593,0.37888888888888894
18,0.9400047427080863,0.9963888888888889,0.9967312044254463,0.9659716003581936,0.9675372223578228,0.9988784154085316,0.0036111111111111205
20,0.9977353607246846,0.9977814753189129,0.9974126778783958,0.9977601911303569,0.997573993207181,0.9999777501568704,0.002218524681087075
23,0.9804008908685968,0.9715394566623544,0.9708866343184825,0.9758983347940403,0.9756205673758864,0.9982703165772052,0.028460543337645583
 
 
 
test_th=-4
 ,Sn,Sp,precision,acc,f1_score,auc,fpr
1,1.0,1.0,1.0,1.0,1.0,1.0,0.0
3,0.9997104806022004,0.9884848484848485,0.9891148668003438,0.9942256440627776,0.9943844492440606,0.9997473723921322,0.011515151515151478
5,0.49376344086021506,0.9964285714285714,0.9922212618841832,0.7552115583075335,0.659391154508903,0.989410650281618,0.0035714285714285587
6,0.684400826446281,0.7303113553113553,0.6922675026123302,0.7087378640776699,0.6883116883116883,0.7851145067054157,0.26968864468864473
8,0.8463251670378619,0.9966666666666667,0.9960681520314548,0.921579532814238,0.9151113786875377,0.9976664192031676,0.0033333333333332993
10,0.5752750434279097,0.8764102564102564,0.8047792628594572,0.7349741637204242,0.6709437784906297,0.793540488174246,0.12358974358974362
13,0.9987096774193548,0.6576190476190477,0.7635646169023348,0.8368361581920903,0.8654491241147969,0.9977076292882744,0.34238095238095234
14,0.9903489235337788,0.4186666666666667,0.7536723163841808,0.7858845970433953,0.8559512351620147,0.8915619896065331,0.5813333333333333
16,0.8296213808463252,0.6544444444444445,0.7054924242424242,0.7419354838709677,0.7625383828045036,0.8266852264291017,0.3455555555555555
18,0.8982689115484942,1.0,1.0,0.9451196111040041,0.9464084946908182,0.9998681922377677,0.0
20,1.0,0.8785357737104825,0.8758855199773307,0.9345975810064208,0.9338368580060422,0.9991664383366232,0.12146422628951747
23,0.8400890868596882,0.9732643380767573,0.9681724845995893,0.9077563540753725,0.8995945623658478,0.9829791852144241,0.026735661923242726
 
 
 
test_th=-3
 ,Sn,Sp,precision,acc,f1_score,auc,fpr
1,0.999554565701559,1.0,1.0,0.9997742663656884,0.999777233236801,1.0,0.0
3,1.0,0.8893939393939394,0.9044252422100026,0.9459579508439443,0.9498143819606766,0.9997490393219982,0.1106060606060606
5,0.9974193548387097,0.986904761904762,0.985969387755102,0.9919504643962849,0.9916613213598461,0.9998953746373102,0.013095238095238049
6,0.559400826446281,0.9052197802197802,0.8395348837209302,0.7427184466019418,0.671419714817111,0.8809601856476856,0.09478021978021978
8,1.0,0.9966666666666667,0.9966703662597114,0.9983314794215795,0.9983324068927182,0.9998416233605544,0.0033333333333332993
10,0.9148812970469021,0.9669230769230769,0.9607783520826999,0.9424802828392711,0.9372682782144446,0.9887614879812332,0.033076923076923115
13,0.9965591397849463,1.0,1.0,0.9981920903954802,0.998276604911676,0.999994470046083,0.0
14,0.9695619896065331,0.988,0.9931558935361217,0.9761564139246542,0.9812171299774606,0.9978450878495422,0.01200000000000001
16,0.5200445434298441,0.9822222222222222,0.9668737060041408,0.7513904338153504,0.6763215061549602,0.9569302152932443,0.01777777777777778
18,0.9803177614417833,0.9986111111111111,0.9987919787388259,0.9887424843290264,0.9894686452848254,0.9998880193924063,0.001388888888888884
20,0.9996764801035264,0.9986134220743206,0.9983844911147012,0.9991040764521427,0.9990300678952474,0.999999282263125,0.001386577925679422
23,1.0,0.9810263044415697,0.9807776321537789,0.9903593339176161,0.9902955447728276,0.9999690750659556,0.018973695558430315
 
 
 
test_th=-2
 ,Sn,Sp,precision,acc,f1_score,auc,fpr
1,0.9959910913140312,0.9995423340961098,0.9995529727313366,0.9977426636568849,0.9977688531905399,0.9999973498188194,0.0004576659038901809
3,0.8537927041111755,0.9996969696969698,0.9996610169491525,0.9250814332247557,0.9209868831980013,0.9991473215069047,0.00030303030303024947
5,0.9810752688172043,0.9948412698412699,0.9943330427201394,0.9882352941176471,0.987659666594501,0.9995100699778119,0.00515873015873014
6,0.5413223140495868,0.9478021978021978,0.9018932874354562,0.7567961165048543,0.6765655261459005,0.9090821583719312,0.052197802197802234
8,0.9665924276169265,1.0,1.0,0.9833147942157954,0.9830124575311437,0.9999901014600346,0.0
10,0.9667052692530399,0.992051282051282,0.9908011869436202,0.9801468588523252,0.9786049237983587,0.9987895862099684,0.007948717948717987
13,0.2361290322580645,1.0,1.0,0.5986440677966102,0.38204592901878914,0.9999684587813621,0.0
14,0.9651076466221232,1.0,1.0,0.977587029089175,0.9822440498677749,0.9999613956941351,0.0
16,0.09131403118040089,0.9077777777777778,0.49696969696969695,0.5,0.15428033866415802,0.6985139816877011,0.0922222222222222
18,1.0,0.9980555555555556,0.998342803030303,0.9991045157988998,0.9991707143703352,0.9999994071614892,0.0019444444444444153
20,1.0,0.9986134220743206,0.9983850129198967,0.9992533970434523,0.9991918538871829,1.0,0.001386577925679422
23,0.9919821826280624,0.9965502371711945,0.996420581655481,0.9943032427695004,0.9941964285714285,0.9998933954136978,0.0034497628288054916
 
 
 
test_th=-1
 ,Sn,Sp,precision,acc,f1_score,auc,fpr
1,1.0,1.0,1.0,1.0,1.0,1.0,0.0
3,1.0,0.9972727272727273,0.9974010973144672,0.9986674563221795,0.998698857886367,0.9999992981347933,0.0027272727272726893
5,0.9978494623655914,0.9920634920634921,0.9914529914529915,0.9948400412796697,0.9946409431939979,0.9996249359959037,0.007936507936507908
6,0.7257231404958677,0.924908424908425,0.8954748247291269,0.8313106796116505,0.8017118402282454,0.9176858889216842,0.07509157509157505
8,0.9621380846325167,0.99,0.9896907216494846,0.9760845383759733,0.9757199322416714,0.9987899034892354,0.010000000000000009
10,0.9114070642733063,0.9907692307692307,0.9886934673366834,0.953494696763666,0.9484784573666768,0.9962254836458657,0.009230769230769265
13,0.9126881720430108,0.9333333333333333,0.9381078691423519,0.9224858757062147,0.9252234575975584,0.9832180235535074,0.06666666666666665
14,0.9955456570155902,1.0,1.0,0.9971387696709585,0.9977678571428571,1.0,0.0
16,0.7928730512249443,0.8988888888888888,0.8866749688667497,0.8459399332591768,0.8371546149323927,0.9436624597871813,0.10111111111111115
18,1.0,0.9988888888888889,0.9990523572613125,0.9994882947422284,0.9995259540175397,0.9999998023871631,0.0011111111111110628
20,1.0,0.9997226844148641,0.9996765847347995,0.9998506794086904,0.9998382662138121,1.0,0.0002773155851358844
23,1.0,0.9987063389391979,0.9986654804270463,0.9993426818580193,0.9993322946806144,1.0,0.001293661060802087
 
 
 
test_th=-5
 ,Sn,Sp,precision,acc,f1_score,auc,fpr
1,1.0,0.9986270022883296,0.9986654804270463,0.9993227990970655,0.9993322946806144,0.9999995922798183,0.0013729977116704317
3,0.22119281991893458,0.9975757575757576,0.9896373056994818,0.6005330174711282,0.3615712257453857,0.8121869681177729,0.00242424242424244
5,0.9191397849462366,0.9369047619047619,0.9307491289198606,0.9283797729618163,0.9249080285652456,0.9864819081754566,0.0630952380952381
6,0.23553719008264462,0.44871794871794873,0.2746987951807229,0.3485436893203884,0.253615127919911,0.2277471581448854,0.5512820512820513
8,0.9866369710467706,0.9933333333333333,0.9932735426008968,0.9899888765294772,0.9899441340782124,0.9995619896065331,0.00666666666666671
10,0.5807759119861031,0.8887179487179487,0.8221311475409836,0.7440848517813435,0.6806922293858161,0.8419005463750687,0.11128205128205126
13,0.9040860215053763,0.9985714285714286,0.9985748218527316,0.9489265536723164,0.9489841986455982,0.9995317972350231,0.0014285714285714457
14,0.028210838901262063,0.7746666666666666,0.18357487922705315,0.2951835956127802,0.04890604890604891,0.3013570898292502,0.22533333333333339
16,0.6759465478841871,0.7466666666666667,0.7269461077844311,0.7113459399332592,0.7005193306405079,0.7809799554565702,0.2533333333333333
18,0.8316338629357363,0.9958333333333333,0.995741056218058,0.9072534220289113,0.9063186458198733,0.9973110162569493,0.004166666666666652
20,0.9974118408282109,0.9933444259567388,0.9922755069198583,0.9952217410780947,0.9948370442078089,0.999680965958996,0.006655574043261225
23,0.9870824053452116,0.9581716257007331,0.958063121487246,0.9723926380368099,0.9723562966213252,0.9981030146048283,0.04182837429926689
 
 
 
test_th=-3
 ,Sn,Sp,precision,acc,f1_score,auc,fpr
1,1.0,0.9990846681922196,0.9991099243435692,0.999548532731377,0.9995547640249333,1.0,0.0009153318077803618
3,1.0,0.8048484848484848,0.8428501708150318,0.9046490968315073,0.9147245762711864,0.99968613465284,0.1951515151515152
5,0.9931182795698925,0.9944444444444445,0.9939733103745158,0.9938080495356038,0.9935456110154905,0.9997540535927633,0.005555555555555536
6,0.37086776859504134,0.8768315018315018,0.7274569402228976,0.6390776699029126,0.4912760862127951,0.8214707877349923,0.12316849816849818
8,0.6492204899777283,0.9977777777777778,0.9965811965811966,0.8236929922135706,0.7862440997977074,0.9981860925513487,0.0022222222222222365
9,0.9228389274329646,0.9872275040814367,0.9866680032076984,0.9546468048768917,0.9536866582695475,0.9962329196280615,0.012772495918563331
10,0.9229878401852925,0.9094871794871795,0.900310646709969,0.9158281207506119,0.9115082201572552,0.9667965792169615,0.0905128205128205
13,0.9987096774193548,1.0,1.0,0.9993220338983051,0.9993544222078761,1.0,0.0
14,0.9621380846325167,0.9533333333333334,0.9737039819684448,0.9589890319504053,0.9678864824495892,0.991685226429102,0.046666666666666634
16,0.8062360801781737,0.9188888888888889,0.9084065244667503,0.8626251390433816,0.8542772861356933,0.9283741648106905,0.08111111111111113
17,0.4888641425389755,0.8766666666666667,0.5426452410383189,0.7873268342739866,0.5143526654950205,0.8039580549368968,0.1233333333333333
18,0.8885463599715437,0.8836111111111111,0.8994239078252521,0.8862735064602789,0.8939520458069903,0.966888190656865,0.11638888888888888
19,0.8501685772083615,0.996,0.995263656457215,0.9234998323835065,0.9170121463379156,0.9953046527309508,0.0040000000000000036
20,0.9860886444516338,0.9977814753189129,0.9973821989528796,0.9923846498432134,0.9917032698877501,0.9998728708559891,0.002218524681087075
21,0.9876916868442293,0.8286868686868687,0.8523419815427477,0.9082374318594791,0.9150387886718385,0.9414662565933751,0.1713131313131313
23,1.0,0.9793014230271668,0.9790667248146533,0.9894829097283085,0.989422653151168,0.9999450650239956,0.02069857697283317
 
 
 
test_th=-2
 ,Sn,Sp,precision,acc,f1_score,auc,fpr
1,0.7670378619153675,1.0,1.0,0.881941309255079,0.8681623392992186,0.9998322231452554,0.0
3,0.9157498552403011,1.0,1.0,0.9569144210838022,0.9560223666314038,0.9998856837044445,0.0
5,0.9956989247311828,0.9976190476190476,0.997414907367514,0.9966976264189886,0.9965561773568662,0.9999400921658987,0.0023809523809523725
6,0.4839876033057851,0.8630952380952381,0.7580906148867314,0.6849514563106797,0.590794451450189,0.8596791466109648,0.13690476190476186
8,0.9354120267260579,1.0,1.0,0.967741935483871,0.9666283084004603,0.9999356594902252,0.0
9,0.6392274517157323,0.9865552674541439,0.9798792756539235,0.8108069642772427,0.7737176577394462,0.9769954156058692,0.013444732545856097
10,0.9684423856398379,0.9984615384615385,0.9982094897045658,0.9843622518357357,0.9831006612784716,0.9998069870681335,0.0015384615384614886
13,0.4344086021505376,1.0,1.0,0.7028248587570621,0.6056971514242878,0.9999995903737839,0.0
14,0.9970304380103935,1.0,1.0,0.9980925131139723,0.9985130111524164,1.0,0.0
16,0.004454342984409799,0.8811111111111111,0.036036036036036036,0.4432703003337041,0.007928642220019821,0.12506062855728778,0.11888888888888893
17,0.9755011135857461,0.9943333333333333,0.9809630459126539,0.9899948691636736,0.9782244556113903,0.9986462509279881,0.005666666666666709
18,0.9976286459568413,0.9997222222222222,0.9997623574144486,0.9985928105411284,0.9986943620178043,0.9999940716148921,0.0002777777777778212
19,0.8060687795010114,0.9997333333333334,0.9996654959023248,0.9034528997653369,0.8924891742571299,0.9998398921105867,0.0002666666666666373
20,1.0,1.0,1.0,1.0,1.0,1.0,0.0
21,0.9495560936238903,0.9834343434343434,0.9828738512949039,0.9664849586109429,0.965927750410509,0.9964619153602206,0.01656565656565656
23,0.9746102449888642,0.9995687796463993,0.9995431703974418,0.9872918492550394,0.9869192602616147,0.9999531323980942,0.0004312203536006587
 
 
 
test_th=-1
 ,Sn,Sp,precision,acc,f1_score,auc,fpr
1,1.0,1.0,1.0,1.0,1.0,1.0,0.0
3,0.9997104806022004,0.9996969696969698,0.9997104806022004,0.9997038791827065,0.9997104806022004,0.9999980698706814,0.00030303030303024947
5,0.9982795698924731,0.9936507936507937,0.9931536157466838,0.9958720330237358,0.9957099957099957,0.9999223416965353,0.006349206349206327
6,0.7954545454545454,0.86996336996337,0.8442982456140351,0.8349514563106796,0.8191489361702128,0.9153347835876245,0.13003663003663002
8,0.9977728285077951,0.9988888888888889,0.9988851727982163,0.9983314794215795,0.9983286908077995,0.9999975253650086,0.0011111111111110628
9,0.9999062441402587,0.9978872563142226,0.9979414241601946,0.9989088666445277,0.9989228679810799,0.9999913294062297,0.0021127436857774073
10,0.9455703532136653,0.9917948717948718,0.9902971497877502,0.9700843078596683,0.9674170616113744,0.9980235846955592,0.008205128205128198
13,0.9991397849462366,0.9909523809523809,0.9918872758326217,0.9952542372881356,0.9955003214056138,0.9997554531490014,0.009047619047619082
14,0.9992576095025983,1.0,1.0,0.9995231282784931,0.9996286669142221,1.0,0.0
16,0.5467706013363028,0.9755555555555555,0.9571150097465887,0.7614015572858732,0.6959603118355775,0.9202487008166296,0.02444444444444449
17,0.5846325167037862,0.9976666666666667,0.9868421052631579,0.9025141097998974,0.7342657342657343,0.9719654788418709,0.0023333333333332984
18,1.0,1.0,1.0,1.0,1.0,0.9999999999999999,0.0
19,0.9778826702629805,0.9994666666666666,0.9994486560992419,0.9887361716392893,0.9885480572597136,0.9995875567543269,0.0005333333333333856
20,0.999029440310579,0.9958402662229617,0.9951659684176604,0.9973122293564283,0.9970939618986115,0.9999790959135113,0.004159733777038266
21,0.9836561743341404,0.8993939393939394,0.9073143495254048,0.9415505754088431,0.943944234679059,0.9908747279086262,0.10060606060606059
23,1.0,0.9974126778783958,0.9973345179920036,0.9986853637160386,0.9986654804270463,1.0,0.002587322121604174
 
 
 
 ,Sn,Sp,precision,acc,f1_score,auc,fpr
1,0.9986636971046771,0.9984962406015037,0.9985410538672432,0.998581102870042,0.9986003141262293,0.9999907098044327,0.0015037593984962452
3,0.9848484848484849,0.9848484848484848,0.9860119763376757,0.9848484848484849,0.9851397733173396,0.9995310663087155,0.015151515151515138
5,0.9641290322580645,0.9675396825396826,0.9657458293516706,0.9659029927760578,0.9644557849262124,0.9965368663594469,0.03246031746031745
6,0.8118112947658402,0.7590557590557592,0.7645807774640994,0.7838457389428264,0.7822466217937256,0.8766676032301033,0.24094424094424097
8,0.934966592427617,0.8687933425797503,0.9099220955702261,0.9054972205064855,0.9199936284757099,0.9518646769365736,0.13120665742024967
9,0.9751546971685731,0.991404974551042,0.9914501135748054,0.9831823141515252,0.9831940600991529,0.9989287551175636,0.008595025448958016
10,0.9610596409959467,0.893034188034188,0.8934213989725787,0.9249841356178043,0.9244723503257081,0.9839325395057879,0.10696581196581195
13,0.9843727598566309,0.9486507936507936,0.9572848393875869,0.9674199623352165,0.970245846797011,0.9903912442396313,0.05134920634920637
14,0.8358079683246721,0.7795555555555556,0.8774805617250839,0.8156890796375774,0.8479988485076452,0.883161098737936,0.22044444444444444
16,0.8502227171492205,0.7344444444444446,0.7702447895089795,0.7922691879866518,0.8042968155427919,0.8808397261403943,0.2655555555555556
17,0.8325909428359317,0.9497777777777777,0.8402392310429293,0.9227809132888661,0.8341385316287412,0.9717249443207127,0.050222222222222244
18,0.9733617895818513,0.9961574074074074,0.9966212466689145,0.9838599633277899,0.9846589372215363,0.9994802343249107,0.003842592592592601
19,0.9927174645987863,0.9970666666666667,0.997018193248887,0.9949044585987261,0.9948571548415152,0.9998799190829399,0.0029333333333333433
20,1.0,0.9870216306156406,0.9852072889998725,0.9930117963267134,0.992517872381202,0.9999784678937456,0.01297836938435939
21,0.9666061339790154,0.8684848484848484,0.8817401718123412,0.9175752069452856,0.9219279790694153,0.9719267737911805,0.1315151515151515
23,0.9738084632516703,0.9801638637343683,0.9793607168758898,0.9770376862401402,0.9762701175851781,0.997272804977954,0.019836136265631743
 
 
 
test_th=-3
 ,Sn,Sp,precision,acc,f1_score,auc,fpr
1,1.0,1.0,1.0,1.0,1.0,1.0,0.0
3,0.9452808338158657,0.9806060606060606,0.9807750075097627,0.9625407166123778,0.962700869821613,0.9938617501008931,0.019393939393939408
5,0.9750537634408603,0.9873015873015873,0.9860809047411918,0.9814241486068112,0.9805363321799309,0.9986617170165557,0.012698412698412653
6,0.48088842975206614,0.8914835164835165,0.7970890410958904,0.6985436893203884,0.5998711340206186,0.817065983259165,0.10851648351648346
8,0.9008908685968819,0.8543689320388349,0.8851203501094091,0.8801729462631254,0.8929359823399557,0.9471147163213675,0.1456310679611651
9,0.9491843240202512,0.9880918083165274,0.9879000780640125,0.9684045732719768,0.9681553026680692,0.9974469468156222,0.011908191683472569
10,0.8199189345686161,0.9907692307692307,0.9874476987447699,0.910524884416644,0.895919012970579,0.979681862723264,0.009230769230769265
13,0.9961290322580645,0.9966666666666667,0.9969866551872578,0.9963841807909605,0.9965576592082616,0.9998658474142345,0.0033333333333332993
14,0.8544914625092799,1.0,1.0,0.9065331425846447,0.921537229783827,0.9966592427616926,0.0
16,0.6291759465478842,0.6588888888888889,0.6479357798165137,0.6440489432703004,0.6384180790960451,0.6997265528334571,0.34111111111111114
17,0.36971046770601335,0.83,0.39429928741092635,0.72396100564392,0.3816091954022989,0.7466507052709725,0.17000000000000004
18,0.9990514583827366,0.9602777777777778,0.9671717171717171,0.9811948317768965,0.9828531435903418,0.999205201169868,0.039722222222222214
19,0.44045853000674307,0.9982666666666666,0.9960353766392193,0.7209520616828696,0.6108097998877875,0.9800206158687346,0.0017333333333333645
20,0.7017146554513103,0.9708818635607321,0.9538258575197889,0.8466477527251008,0.8085740913327121,0.9705101207179593,0.02911813643926786
21,0.9372477804681194,0.9757575757575757,0.974816369359916,0.9564910155461337,0.9556629976339882,0.9942316832571071,0.024242424242424288
23,0.9131403118040089,0.9913755929279862,0.9903381642512077,0.9528921998247152,0.9501738122827346,0.9961735676329269,0.00862440707201384
 
 
 
test_th=-2
 ,Sn,Sp,precision,acc,f1_score,auc,fpr
1,1.0,0.9981693363844394,0.9982214317474433,0.9990970654627539,0.9991099243435693,1.0,0.0018306636155606126
3,0.9997104806022004,0.9409090909090909,0.946546052631579,0.9709801599052413,0.9724021402421853,0.9998065484023793,0.05909090909090908
5,0.9823655913978495,0.9992063492063492,0.9991251093613298,0.991124871001032,0.9906744740837128,0.9999569892473119,0.0007936507936507908
6,0.7489669421487604,0.9894688644688645,0.9843856076035302,0.8764563106796116,0.8506893517160458,0.9878414672448764,0.010531135531135494
8,0.6714922048997772,0.680998613037448,0.723889555822329,0.6757257566399012,0.6967071057192374,0.7707109959256044,0.319001386962552
9,0.17419838739921245,0.9957745126284452,0.9768664563617245,0.5800559798851938,0.29567154678548696,0.9164403038442567,0.004225487371554815
10,0.8688477127967574,0.992051282051282,0.9897757255936676,0.9341854772912701,0.9253777366635831,0.9943768651730436,0.007948717948717987
13,0.6313978494623655,0.9728571428571429,0.9626229508196721,0.7934463276836158,0.7625974025974026,0.9654828469022018,0.027142857142857135
14,0.9732739420935412,0.9813333333333333,0.9894339622641509,0.9761564139246542,0.9812874251497005,0.9978995298193516,0.01866666666666672
16,0.9164810690423163,0.71,0.7592250922509225,0.8131256952169077,0.8304742684157417,0.9008265280871071,0.29000000000000004
17,0.9075723830734966,0.9983333333333333,0.9939024390243902,0.9774243201641868,0.9487776484284051,0.998054565701559,0.0016666666666667052
18,0.9786578136115722,0.9988888888888889,0.9990317114500121,0.9879749264423692,0.9887398179204601,0.9998616051432034,0.0011111111111110628
19,0.643155765340526,0.9989333333333333,0.9983253087711953,0.8220583305397251,0.7823162729658792,0.9976604540346147,0.0010666666666666602
20,1.0,0.9988907376594565,0.9987075928917609,0.9994027176347619,0.9993533785968315,1.0,0.0011092623405435376
21,0.8256658595641646,0.9846464646464647,0.9817658349328215,0.9051080153442358,0.8969750109601052,0.9900076430161177,0.015353535353535341
23,0.9946547884187082,0.9978438982319966,0.9977658623771224,0.9962751971954426,0.9962078964978809,0.9999502511930589,0.0021561017680034045
 
 
 
test_th=-1
 ,Sn,Sp,precision,acc,f1_score,auc,fpr
1,1.0,1.0,1.0,1.0,1.0,1.0,0.0
3,0.9284887087434858,1.0,1.0,0.9634290790642582,0.9629184807086022,0.999817778245688,0.0
5,0.9681720430107527,0.9924603174603175,0.9916299559471365,0.9808049535603716,0.9797606093579978,0.9989800307219662,0.007539682539682513
6,0.8290289256198347,0.9001831501831502,0.8804168952276468,0.8667475728155339,0.853950518754988,0.9455743120515847,0.0998168498168498
8,0.3730512249443207,1.0,1.0,0.6522544780728845,0.543390105433901,0.9917770727985444,0.0
9,0.665572848303019,0.993085566119274,0.9899595593362153,0.8273637269320177,0.7959858720636878,0.9828313509726884,0.00691443388072599
10,0.9426751592356688,1.0,1.0,0.9730758770737014,0.9704918032786886,0.9992517779460455,0.0
13,0.9931182795698925,0.9976190476190476,0.9978392394122731,0.9952542372881356,0.9954731623194655,0.9999578084997439,0.0023809523809523725
14,0.9703043801039347,0.9813333333333333,0.9894019682059046,0.9742489270386266,0.97976011994003,0.9972244493937145,0.01866666666666672
16,0.8853006681514477,0.9422222222222222,0.9386068476977568,0.9137931034482759,0.9111747851002866,0.9749628804751299,0.05777777777777782
17,0.7984409799554566,0.986,0.9446640316205533,0.9427911749615188,0.8654194327097164,0.982649962880475,0.014000000000000012
18,0.9995257291913683,0.9997222222222222,0.9997628083491461,0.9996162210566714,0.9996442547136252,0.9999997365162174,0.0002777777777778212
19,0.9645313553607552,0.9964,0.9962390305056414,0.980556486758297,0.9801288200630396,0.999576534052596,0.0036000000000000476
20,1.0,0.9966722129783694,0.9961327747341283,0.9982081529042856,0.9980626412657411,1.0,0.0033277870216306127
21,0.9368442292171105,0.9353535353535354,0.9355228692323192,0.9360993337371291,0.9361830829720739,0.9853130783215529,0.06464646464646462
23,0.956792873051225,0.9974126778783958,0.9972144846796658,0.9774320771253286,0.9765855876335531,0.9994777335672873,0.002587322121604174
 
 
 
